CSDs,Year,ID,FreeCirculation,TotalCirculation,PaidCirculation,Swap2017Affected,Owner,AdvCirc,NatlLineRate,SpotColour,ProcessColour,MarketAndNewspaper,AdvNewspaper,Newspaper,Year_only,Time,Post2017,OwnerPostmediaMetroland,Interaction,Interaction2,Interaction3
['New Tecumseth'],2013-01-01,6.0,22127.0,22127.0,0.0,0.0,metroland media group ltd.,22553.0,3.21,335.0,1160.0,alliston herald,alliston herald,alliston herald,2013,0,0,1,0.0,0.0,0.0
['New Tecumseth'],2014-01-01,6.0,22266.0,22266.0,0.0,0.0,metroland media group ltd.,22127.0,3.51,1160.0,1160.0,alliston herald,alliston herald,alliston herald,2014,1,0,1,0.0,0.0,0.0
['New Tecumseth'],2015-01-01,6.0,22403.0,22403.0,0.0,0.0,metroland media group ltd.,22266.0,3.51,1160.0,1160.0,alliston herald,alliston herald,alliston herald,2015,2,0,1,0.0,0.0,0.0
['New Tecumseth'],2016-01-01,6.0,22860.0,22860.0,0.0,0.0,metroland media group ltd.,22403.0,3.51,1160.0,1160.0,alliston herald,alliston herald,alliston herald,2016,3,0,1,0.0,0.0,0.0
['New Tecumseth'],2017-01-01,6.0,23199.0,23199.0,0.0,0.0,metroland media group ltd.,22860.0,3.51,1160.0,1160.0,alliston herald,alliston herald,alliston herald,2017,4,0,1,0.0,0.0,0.0
['New Tecumseth'],2018-01-01,6.0,23229.0,23229.0,0.0,0.0,metroland media group ltd.,23199.0,3.51,1160.0,1160.0,alliston herald,alliston herald,alliston herald,2018,5,1,1,0.0,0.0,0.0
['New Tecumseth'],2019-01-01,6.0,22879.0,22879.0,0.0,0.0,metroland media group ltd.,22890.0,3.51,1160.0,1160.0,alliston herald,alliston herald,alliston herald,2019,6,1,1,0.0,0.0,0.0
['Hamilton'],2013-01-01,9.0,12823.0,12823.0,0.0,0.0,metroland media group ltd.,12817.0,1.7,335.0,1160.0,ancaster news,ancaster news,ancaster news,2013,0,0,1,0.0,0.0,0.0
['Hamilton'],2014-01-01,9.0,12927.0,12927.0,0.0,0.0,metroland media group ltd.,12823.0,1.85,1160.0,1160.0,ancaster news,ancaster news,ancaster news,2014,1,0,1,0.0,0.0,0.0
['Hamilton'],2015-01-01,9.0,12725.0,12725.0,0.0,0.0,metroland media group ltd.,12927.0,1.85,1160.0,1160.0,ancaster news,ancaster news,ancaster news,2015,2,0,1,0.0,0.0,0.0
['Hamilton'],2016-01-01,9.0,12710.0,12710.0,0.0,0.0,metroland media group ltd.,12712.0,1.85,1160.0,1160.0,ancaster news,ancaster news,ancaster news,2016,3,0,1,0.0,0.0,0.0
['Hamilton'],2017-01-01,9.0,13041.0,13041.0,0.0,0.0,metroland media group ltd.,12710.0,1.85,1160.0,1160.0,ancaster news,ancaster news,ancaster news,2017,4,0,1,0.0,0.0,0.0
['Hamilton'],2018-01-01,9.0,13037.0,13037.0,0.0,0.0,metroland media group ltd.,13040.0,1.85,1160.0,1160.0,ancaster news,ancaster news,ancaster news,2018,5,1,1,0.0,0.0,0.0
['Hamilton'],2019-01-01,9.0,13111.0,13111.0,0.0,0.0,metroland media group ltd.,13075.0,1.85,1160.0,1160.0,ancaster news,ancaster news,ancaster news,2019,6,1,1,0.0,0.0,0.0
['Arnprior'],2013-01-01,11.0,7668.0,7668.0,0.0,1.0,metroland media group ltd.,7607.0,1.06,335.0,1160.0,arnprior chronicle guide,arnprior chronicle guide,arnprior chronicle guide,2013,0,0,1,0.0,0.0,1.0
['Arnprior'],2014-01-01,11.0,7892.0,7892.0,0.0,1.0,metroland media group ltd.,7668.0,0.74,1160.0,1160.0,arnprior chronicle guide,arnprior chronicle guide,arnprior chronicle guide,2014,1,0,1,0.0,0.0,1.0
['Arnprior'],2015-01-01,11.0,7941.0,7941.0,0.0,1.0,metroland media group ltd.,7873.0,0.87,1160.0,1160.0,arnprior chronicle guide,arnprior chronicle guide,arnprior chronicle guide,2015,2,0,1,0.0,0.0,1.0
['Arnprior'],2016-01-01,11.0,8332.0,8332.0,0.0,1.0,metroland media group ltd.,7941.0,0.87,1160.0,1160.0,arnprior chronicle guide,arnprior chronicle guide,arnprior chronicle guide,2016,3,0,1,0.0,0.0,1.0
['Arnprior'],2017-01-01,11.0,8114.0,8114.0,0.0,1.0,metroland media group ltd.,8332.0,0.87,1160.0,1160.0,arnprior chronicle guide,arnprior chronicle guide,arnprior chronicle guide,2017,4,0,1,0.0,0.0,1.0
['Arnprior'],2018-01-01,11.0,8019.0,8019.0,0.0,1.0,metroland media group ltd.,8114.0,0.87,1160.0,1160.0,arnprior chronicle guide,arnprior chronicle guide,arnprior chronicle guide,2018,5,1,1,1.0,1.0,1.0
['Arnprior'],2019-01-01,11.0,7085.0,7085.0,0.0,1.0,metroland media group ltd.,7380.0,0.87,1160.0,1160.0,arnprior chronicle guide,arnprior chronicle guide,arnprior chronicle guide,2019,6,1,1,1.0,1.0,1.0
['Barrie'],2013-01-01,21.0,52243.0,52243.0,0.0,1.0,metroland media group ltd.,52243.0,3.41,335.0,1160.0,barrie advance,barrie advance,barrie advance,2013,0,0,1,0.0,0.0,1.0
['Barrie'],2014-01-01,21.0,52434.0,52434.0,0.0,1.0,metroland media group ltd.,52221.0,3.72,1160.0,1160.0,barrie advance,barrie advance,barrie advance,2014,1,0,1,0.0,0.0,1.0
['Barrie'],2015-01-01,21.0,52317.0,52317.0,0.0,1.0,metroland media group ltd.,52359.0,3.72,1160.0,1160.0,barrie advance,barrie advance,barrie advance,2015,2,0,1,0.0,0.0,1.0
['Barrie'],2016-01-01,21.0,52759.0,52759.0,0.0,1.0,metroland media group ltd.,52317.0,3.72,1160.0,1160.0,barrie advance,barrie advance,barrie advance,2016,3,0,1,0.0,0.0,1.0
['Barrie'],2017-01-01,21.0,52713.0,52713.0,0.0,1.0,metroland media group ltd.,52759.0,3.72,1160.0,1160.0,barrie advance,barrie advance,barrie advance,2017,4,0,1,0.0,0.0,1.0
['Barrie'],2018-01-01,21.0,52226.0,52226.0,0.0,1.0,metroland media group ltd.,52277.0,3.72,1160.0,1160.0,barrie advance,barrie advance,barrie advance,2018,5,1,1,1.0,1.0,1.0
['Barrie'],2019-01-01,21.0,51125.0,51125.0,0.0,1.0,metroland media group ltd.,51148.0,3.72,1160.0,1160.0,barrie advance,barrie advance,barrie advance,2019,6,1,1,1.0,1.0,1.0
['Bradford West Gwillimbury'],2013-01-01,41.0,17967.0,17967.0,0.0,1.0,metroland media group ltd.,9050.0,1.37,335.0,1160.0,bradford west gwillimbury topic,bradford west gwillimbury topic,bradford west gwillimbury topic,2013,0,0,1,0.0,0.0,1.0
['Bradford West Gwillimbury'],2014-01-01,41.0,10083.0,10083.0,0.0,1.0,metroland media group ltd.,9507.0,1.5,1160.0,1160.0,bradford west gwillimbury topic,bradford west gwillimbury topic,bradford west gwillimbury topic,2014,1,0,1,0.0,0.0,1.0
['Bradford West Gwillimbury'],2015-01-01,41.0,10151.0,10151.0,0.0,1.0,metroland media group ltd.,10330.0,1.5,1160.0,1160.0,bradford west gwillimbury topic,bradford west gwillimbury topic,bradford west gwillimbury topic,2015,2,0,1,0.0,0.0,1.0
['Bradford West Gwillimbury'],2016-01-01,41.0,10538.0,10538.0,0.0,1.0,metroland media group ltd.,10224.0,1.5,1160.0,1160.0,bradford west gwillimbury topic,bradford west gwillimbury topic,bradford west gwillimbury topic,2016,3,0,1,0.0,0.0,1.0
['Bradford West Gwillimbury'],2017-01-01,41.0,10504.0,10504.0,0.0,1.0,metroland media group ltd.,10538.0,1.5,1160.0,1160.0,bradford west gwillimbury topic,bradford west gwillimbury topic,bradford west gwillimbury topic,2017,4,0,1,0.0,0.0,1.0
['Bradford West Gwillimbury'],2018-01-01,41.0,10470.0,10470.0,0.0,1.0,metroland media group ltd.,10538.0,1.5,1160.0,1160.0,bradford west gwillimbury topic,bradford west gwillimbury topic,bradford west gwillimbury topic,2018,5,1,1,1.0,1.0,1.0
['Bradford West Gwillimbury'],2019-01-01,41.0,10436.0,10436.0,0.0,1.0,metroland media group ltd.,10434.0,1.5,1160.0,1160.0,bradford west gwillimbury topic,bradford west gwillimbury topic,bradford west gwillimbury topic,2019,6,1,1,1.0,1.0,1.0
['Caledon'],2013-01-01,55.0,17008.0,17008.0,0.0,0.0,metroland media group ltd.,16892.0,1.83,335.0,1160.0,caledon enterprise,caledon enterprise,caledon enterprise,2013,0,0,1,0.0,0.0,0.0
['Caledon'],2014-01-01,55.0,17194.0,17194.0,0.0,0.0,metroland media group ltd.,17140.0,2.0,1160.0,1160.0,caledon enterprise,caledon enterprise,caledon enterprise,2014,1,0,1,0.0,0.0,0.0
['Caledon'],2015-01-01,55.0,18629.0,18629.0,0.0,0.0,metroland media group ltd.,17089.0,2.06,1160.0,1160.0,caledon enterprise,caledon enterprise,caledon enterprise,2015,2,0,1,0.0,0.0,0.0
['Caledon'],2016-01-01,55.0,18657.0,18657.0,0.0,0.0,metroland media group ltd.,17951.0,2.06,1160.0,1160.0,caledon enterprise,caledon enterprise,caledon enterprise,2016,3,0,1,0.0,0.0,0.0
['Caledon'],2017-01-01,55.0,18360.0,18360.0,0.0,0.0,metroland media group ltd.,18657.0,2.06,1160.0,1160.0,caledon enterprise,caledon enterprise,caledon enterprise,2017,4,0,1,0.0,0.0,0.0
['Caledon'],2018-01-01,55.0,19199.0,19199.0,0.0,0.0,metroland media group ltd.,18437.0,2.06,1160.0,1160.0,caledon enterprise,caledon enterprise,caledon enterprise,2018,5,1,1,0.0,0.0,0.0
['Caledon'],2019-01-01,55.0,19290.0,19290.0,0.0,0.0,metroland media group ltd.,19199.0,2.06,1160.0,1160.0,caledon enterprise,caledon enterprise,caledon enterprise,2019,6,1,1,0.0,0.0,0.0
['Cambridge'],2013-01-01,58.0,48113.0,48113.0,0.0,0.0,metroland media group ltd.,48159.0,1.84,335.0,1160.0,cambridge times,cambridge times,cambridge times,2013,0,0,1,0.0,0.0,0.0
['Cambridge'],2014-01-01,58.0,48367.0,48367.0,0.0,0.0,metroland media group ltd.,48113.0,2.22,1160.0,1160.0,cambridge times,cambridge times,cambridge times,2014,1,0,1,0.0,0.0,0.0
['Cambridge'],2015-01-01,58.0,48168.0,48168.0,0.0,0.0,metroland media group ltd.,48224.0,2.22,1160.0,1160.0,cambridge times,cambridge times,cambridge times,2015,2,0,1,0.0,0.0,0.0
['Cambridge'],2016-01-01,58.0,46877.0,46877.0,0.0,0.0,metroland media group ltd.,48168.0,2.22,1160.0,1160.0,cambridge times,cambridge times,cambridge times,2016,3,0,1,0.0,0.0,0.0
['Cambridge'],2017-01-01,58.0,46295.0,46295.0,0.0,0.0,metroland media group ltd.,46877.0,2.22,1160.0,1160.0,cambridge times,cambridge times,cambridge times,2017,4,0,1,0.0,0.0,0.0
['Cambridge'],2018-01-01,58.0,45733.0,45733.0,0.0,0.0,metroland media group ltd.,46295.0,2.22,1160.0,1160.0,cambridge times,cambridge times,cambridge times,2018,5,1,1,0.0,0.0,0.0
['Cambridge'],2019-01-01,58.0,44949.0,44949.0,0.0,0.0,metroland media group ltd.,46295.0,2.22,1160.0,1160.0,cambridge times,cambridge times,cambridge times,2019,6,1,1,0.0,0.0,0.0
['Cambridge'],2013-01-01,59.0,43185.0,43185.0,0.0,0.0,metroland media group ltd.,43045.0,1.84,335.0,1160.0,cambridge times,cambridge times,cambridge times,2013,0,0,1,0.0,0.0,0.0
['Cambridge'],2014-01-01,59.0,43389.0,43389.0,0.0,0.0,metroland media group ltd.,43185.0,2.01,1160.0,1160.0,cambridge times,cambridge times,cambridge times,2014,1,0,1,0.0,0.0,0.0
['Cambridge'],2015-01-01,59.0,42956.0,42956.0,0.0,0.0,metroland media group ltd.,43067.0,2.01,1160.0,1160.0,cambridge times,cambridge times,cambridge times,2015,2,0,1,0.0,0.0,0.0
['Cambridge'],2016-01-01,59.0,41666.0,41666.0,0.0,0.0,metroland media group ltd.,42956.0,2.01,1160.0,1160.0,cambridge times,cambridge times,cambridge times,2016,3,0,1,0.0,0.0,0.0
['Cambridge'],2017-01-01,59.0,41054.0,41054.0,0.0,0.0,metroland media group ltd.,41666.0,2.01,1160.0,1160.0,cambridge times,cambridge times,cambridge times,2017,4,0,1,0.0,0.0,0.0
['Cambridge'],2018-01-01,59.0,40898.0,40898.0,0.0,0.0,metroland media group ltd.,41054.0,2.01,1160.0,1160.0,cambridge times,cambridge times,cambridge times,2018,5,1,1,0.0,0.0,0.0
['Cambridge'],2019-01-01,59.0,40511.0,40511.0,0.0,0.0,metroland media group ltd.,41054.0,2.01,1160.0,1160.0,cambridge times,cambridge times,cambridge times,2019,6,1,1,0.0,0.0,0.0
"['Mississippi Mills', 'Carleton Place']",2013-01-01,65.0,12812.0,12812.0,0.0,0.0,metroland media group ltd.,12509.0,0.87,335.0,1160.0,carleton placealmonte canadian gazette,carleton place almonte canadian gazette,carleton placealmonte canadian gazette,2013,0,0,1,0.0,0.0,0.0
"['Mississippi Mills', 'Carleton Place']",2014-01-01,65.0,12814.0,12814.0,0.0,0.0,metroland media group ltd.,12812.0,0.61,1160.0,1160.0,carleton placealmonte canadian gazette,carleton place almonte canadian gazette,carleton placealmonte canadian gazette,2014,1,0,1,0.0,0.0,0.0
"['Mississippi Mills', 'Carleton Place']",2015-01-01,65.0,13376.0,13376.0,0.0,0.0,metroland media group ltd.,13125.0,0.71,1160.0,1160.0,carleton placealmonte canadian gazette,carleton place almonte canadian gazette,carleton placealmonte canadian gazette,2015,2,0,1,0.0,0.0,0.0
"['Mississippi Mills', 'Carleton Place']",2016-01-01,65.0,12246.0,12246.0,0.0,0.0,metroland media group ltd.,13376.0,0.71,1160.0,1160.0,carleton placealmonte canadian gazette,carleton place almonte canadian gazette,carleton placealmonte canadian gazette,2016,3,0,1,0.0,0.0,0.0
"['Mississippi Mills', 'Carleton Place']",2017-01-01,65.0,11690.0,11690.0,0.0,0.0,metroland media group ltd.,12246.0,0.71,1160.0,1160.0,carleton placealmonte canadian gazette,carleton place almonte canadian gazette,carleton placealmonte canadian gazette,2017,4,0,1,0.0,0.0,0.0
"['Mississippi Mills', 'Carleton Place']",2018-01-01,65.0,11615.0,11615.0,0.0,0.0,metroland media group ltd.,11690.0,0.71,1160.0,1160.0,carleton placealmonte canadian gazette,carleton place almonte canadian gazette,carleton placealmonte canadian gazette,2018,5,1,1,0.0,0.0,0.0
"['Mississippi Mills', 'Carleton Place']",2019-01-01,65.0,11326.0,11326.0,0.0,0.0,metroland media group ltd.,11547.0,0.71,1160.0,1160.0,carleton placealmonte canadian gazette,carleton place almonte canadian gazette,carleton placealmonte canadian gazette,2019,6,1,1,0.0,0.0,0.0
['Hamilton'],2013-01-01,85.0,18117.0,18117.0,0.0,0.0,metroland media group ltd.,18105.0,1.7,335.0,1160.0,dundas star news,dundas star news,dundas star news,2013,0,0,1,0.0,0.0,0.0
['Hamilton'],2014-01-01,85.0,15746.0,15746.0,0.0,0.0,metroland media group ltd.,18117.0,1.85,1160.0,1160.0,dundas star news,dundas star news,dundas star news,2014,1,0,1,0.0,0.0,0.0
['Hamilton'],2015-01-01,85.0,15456.0,15456.0,0.0,0.0,metroland media group ltd.,15745.0,1.85,1160.0,1160.0,dundas star news,dundas star news,dundas star news,2015,2,0,1,0.0,0.0,0.0
['Hamilton'],2016-01-01,85.0,15413.0,15413.0,0.0,0.0,metroland media group ltd.,15415.0,1.85,1160.0,1160.0,dundas star news,dundas star news,dundas star news,2016,3,0,1,0.0,0.0,0.0
['Hamilton'],2017-01-01,85.0,15071.0,15071.0,0.0,0.0,metroland media group ltd.,15413.0,1.85,1160.0,1160.0,dundas star news,dundas star news,dundas star news,2017,4,0,1,0.0,0.0,0.0
['Hamilton'],2018-01-01,85.0,15061.0,15061.0,0.0,0.0,metroland media group ltd.,15067.0,1.85,1160.0,1160.0,dundas star news,dundas star news,dundas star news,2018,5,1,1,0.0,0.0,0.0
['Hamilton'],2019-01-01,85.0,13990.0,13990.0,0.0,0.0,metroland media group ltd.,14638.0,1.85,1160.0,1160.0,dundas star news,dundas star news,dundas star news,2019,6,1,1,0.0,0.0,0.0
['East Gwillimbury'],2015-01-01,86.0,7326.0,7326.0,0.0,0.0,metroland media group ltd.,7550.0,0.54,1160.0,1160.0,east gwillimbury express,east gwillimbury express,east gwillimbury express,2015,2,0,1,0.0,0.0,0.0
['East Gwillimbury'],2016-01-01,86.0,7276.0,7276.0,0.0,0.0,metroland media group ltd.,7443.0,0.54,1160.0,1160.0,east gwillimbury express,east gwillimbury express,east gwillimbury express,2016,3,0,1,0.0,0.0,0.0
['East Gwillimbury'],2017-01-01,86.0,7260.333333333333,7260.333333333333,0.0,0.0,metroland media group ltd.,7276.0,0.54,1160.0,1160.0,east gwillimbury express,east gwillimbury express,east gwillimbury express,2017,4,0,1,0.0,0.0,0.0
['East Gwillimbury'],2018-01-01,86.0,7244.666666666667,7244.666666666667,0.0,0.0,metroland media group ltd.,7276.0,0.54,1160.0,1160.0,east gwillimbury express,east gwillimbury express,east gwillimbury express,2018,5,1,1,0.0,0.0,0.0
['East Gwillimbury'],2019-01-01,86.0,7229.0,7229.0,0.0,0.0,metroland media group ltd.,7259.0,0.54,1160.0,1160.0,east gwillimbury express,east gwillimbury express,east gwillimbury express,2019,6,1,1,0.0,0.0,0.0
['Toronto'],2013-01-01,87.0,34923.0,34923.0,0.0,0.0,metroland media group ltd.,55569.0,5.49,335.0,1160.0,east york mirror,east york riverdale beach mirror,east york mirror,2013,0,0,1,0.0,0.0,0.0
['Toronto'],2014-01-01,87.0,34705.0,34705.0,0.0,0.0,metroland media group ltd.,56393.0,6.0,1160.0,1160.0,east york mirror,east york riverdale beach mirror,east york mirror,2014,1,0,1,0.0,0.0,0.0
['Toronto'],2015-01-01,87.0,36764.0,36764.0,0.0,0.0,metroland media group ltd.,56734.0,6.0,1160.0,1160.0,east york mirror,east york riverdale beach mirror,east york mirror,2015,2,0,1,0.0,0.0,0.0
['Toronto'],2016-01-01,87.0,35300.0,35300.0,0.0,0.0,metroland media group ltd.,58355.0,6.0,1160.0,1160.0,east york mirror,east york riverdale beach mirror,east york mirror,2016,3,0,1,0.0,0.0,0.0
['Toronto'],2017-01-01,87.0,41067.0,41067.0,0.0,0.0,metroland media group ltd.,57549.0,6.0,1160.0,1160.0,east york mirror,east york riverdale beach mirror,east york mirror,2017,4,0,1,0.0,0.0,0.0
['Toronto'],2018-01-01,87.0,46834.0,46834.0,0.0,0.0,metroland media group ltd.,57123.0,6.18,1160.0,1160.0,east york mirror,east york riverdale beach mirror,east york mirror,2018,5,1,1,0.0,0.0,0.0
['Toronto'],2013-01-01,104.0,69376.0,69376.0,0.0,0.0,metroland media group ltd.,69433.0,6.08,335.0,1160.0,etobicoke guardian,etobicoke guardian,etobicoke guardian,2013,0,0,1,0.0,0.0,0.0
['Toronto'],2014-01-01,104.0,68897.0,68897.0,0.0,0.0,metroland media group ltd.,69333.0,6.64,1160.0,1160.0,etobicoke guardian,etobicoke guardian,etobicoke guardian,2014,1,0,1,0.0,0.0,0.0
['Toronto'],2015-01-01,104.0,73755.0,73755.0,0.0,0.0,metroland media group ltd.,70109.0,6.64,1160.0,1160.0,etobicoke guardian,etobicoke guardian,etobicoke guardian,2015,2,0,1,0.0,0.0,0.0
['Toronto'],2016-01-01,104.0,70703.0,70703.0,0.0,0.0,metroland media group ltd.,71507.0,6.64,1160.0,1160.0,etobicoke guardian,etobicoke guardian,etobicoke guardian,2016,3,0,1,0.0,0.0,0.0
['Toronto'],2017-01-01,104.0,69686.66666666667,69686.66666666667,0.0,0.0,metroland media group ltd.,70703.0,6.64,1160.0,1160.0,etobicoke guardian,etobicoke guardian,etobicoke guardian,2017,4,0,1,0.0,0.0,0.0
['Toronto'],2018-01-01,104.0,68670.33333333333,68670.33333333333,0.0,0.0,metroland media group ltd.,68437.0,6.84,1160.0,1160.0,etobicoke guardian,etobicoke guardian,etobicoke guardian,2018,5,1,1,0.0,0.0,0.0
['Toronto'],2019-01-01,104.0,67654.0,67654.0,0.0,0.0,metroland media group ltd.,67721.0,6.84,1160.0,1160.0,etobicoke guardian,etobicoke guardian,etobicoke guardian,2019,6,1,1,0.0,0.0,0.0
['Georgina'],2013-01-01,141.0,17095.0,17095.0,0.0,0.0,metroland media group ltd.,17008.0,1.92,335.0,1160.0,keswick georgina advocate,georgina advocate,georgina advocate,2013,0,0,1,0.0,0.0,0.0
['Georgina'],2014-01-01,141.0,17530.0,17530.0,0.0,0.0,metroland media group ltd.,17139.0,2.1,1160.0,1160.0,keswick georgina advocate,georgina advocate,georgina advocate,2014,1,0,1,0.0,0.0,0.0
['Georgina'],2015-01-01,141.0,17360.0,17360.0,0.0,0.0,metroland media group ltd.,17530.0,2.1,1160.0,1160.0,keswick georgina advocate,georgina advocate,georgina advocate,2015,2,0,1,0.0,0.0,0.0
['Georgina'],2016-01-01,141.0,17190.0,17190.0,0.0,0.0,metroland media group ltd.,17539.0,2.1,1160.0,1160.0,keswick georgina advocate,georgina advocate,georgina advocate,2016,3,0,1,0.0,0.0,0.0
['Georgina'],2017-01-01,141.0,17151.666666666668,17151.666666666668,0.0,0.0,metroland media group ltd.,17190.0,2.1,1160.0,1160.0,keswick georgina advocate,georgina advocate,georgina advocate,2017,4,0,1,0.0,0.0,0.0
['Georgina'],2018-01-01,141.0,17113.333333333332,17113.333333333332,0.0,0.0,metroland media group ltd.,17190.0,2.1,1160.0,1160.0,keswick georgina advocate,georgina advocate,georgina advocate,2018,5,1,1,0.0,0.0,0.0
['Georgina'],2019-01-01,141.0,17075.0,17075.0,0.0,0.0,metroland media group ltd.,16877.0,2.1,1160.0,1160.0,keswick georgina advocate,georgina advocate,georgina advocate,2019,6,1,1,0.0,0.0,0.0
['Guelph'],2014-01-01,152.0,44735.0,44735.0,0.0,0.0,metroland media group ltd.,44263.0,2.22,1160.0,1160.0,guelph mercury tribune,guelph mercury tribune,guelph mercury tribune,2014,1,0,1,0.0,0.0,0.0
['Guelph'],2015-01-01,152.0,44048.0,44048.0,0.0,0.0,metroland media group ltd.,44326.0,2.22,1160.0,1160.0,guelph mercury tribune,guelph mercury tribune,guelph mercury tribune,2015,2,0,1,0.0,0.0,0.0
['Guelph'],2016-01-01,152.0,44637.0,44637.0,0.0,0.0,metroland media group ltd.,43993.0,2.22,1160.0,1160.0,guelph mercury tribune,guelph mercury tribune,guelph mercury tribune,2016,3,0,1,0.0,0.0,0.0
['Guelph'],2017-01-01,152.0,43727.0,43727.0,0.0,0.0,metroland media group ltd.,43993.0,2.22,1160.0,1160.0,guelph mercury tribune,guelph mercury tribune,guelph mercury tribune,2017,4,0,1,0.0,0.0,0.0
['Guelph'],2018-01-01,152.0,43457.0,43457.0,0.0,0.0,metroland media group ltd.,43515.0,2.22,1160.0,1160.0,guelph mercury tribune,guelph mercury tribune,guelph mercury tribune,2018,5,1,1,0.0,0.0,0.0
['Guelph'],2019-01-01,152.0,42737.0,42737.0,0.0,0.0,metroland media group ltd.,43257.0,2.22,1160.0,1160.0,guelph mercury tribune,guelph mercury tribune,guelph mercury tribune,2019,6,1,1,0.0,0.0,0.0
['Guelph'],2013-01-01,153.0,39475.0,39475.0,0.0,0.0,metroland media group ltd.,39098.0,1.84,335.0,1160.0,guelph mercury tribune,guelph mercury tribune,guelph mercury tribune,2013,0,0,1,0.0,0.0,0.0
['Guelph'],2014-01-01,153.0,40177.0,40177.0,0.0,0.0,metroland media group ltd.,39475.0,2.01,1160.0,1160.0,guelph mercury tribune,guelph mercury tribune,guelph mercury tribune,2014,1,0,1,0.0,0.0,0.0
['Guelph'],2015-01-01,153.0,39134.0,39134.0,0.0,0.0,metroland media group ltd.,39150.0,2.01,1160.0,1160.0,guelph mercury tribune,guelph mercury tribune,guelph mercury tribune,2015,2,0,1,0.0,0.0,0.0
['Guelph'],2016-01-01,153.0,39312.0,39312.0,0.0,0.0,metroland media group ltd.,39091.0,2.01,1160.0,1160.0,guelph mercury tribune,guelph mercury tribune,guelph mercury tribune,2016,3,0,1,0.0,0.0,0.0
['Guelph'],2017-01-01,153.0,38918.0,38918.0,0.0,0.0,metroland media group ltd.,39091.0,2.01,1160.0,1160.0,guelph mercury tribune,guelph mercury tribune,guelph mercury tribune,2017,4,0,1,0.0,0.0,0.0
['Guelph'],2018-01-01,153.0,38716.0,38716.0,0.0,0.0,metroland media group ltd.,38751.0,2.01,1160.0,1160.0,guelph mercury tribune,guelph mercury tribune,guelph mercury tribune,2018,5,1,1,0.0,0.0,0.0
['Guelph'],2019-01-01,153.0,38508.0,38508.0,0.0,0.0,metroland media group ltd.,38508.0,2.01,1160.0,1160.0,guelph mercury tribune,guelph mercury tribune,guelph mercury tribune,2019,6,1,1,0.0,0.0,0.0
['Dysart et al'],2013-01-01,173.0,7312.0,7312.0,0.0,0.0,the haliburton highlander limited,7312.0,0.95,88.0,88.0,haliburton highlander,haliburton highlander,highlander,2013,0,0,0,0.0,0.0,0.0
['Dysart et al'],2014-01-01,173.0,7430.0,7430.0,0.0,0.0,maple key media,6727.0,1.61,104.0,104.0,haliburton highlander,haliburton highlander,highlander,2014,1,0,0,0.0,0.0,0.0
['Dysart et al'],2015-01-01,173.0,8104.0,8104.0,0.0,0.0,maple key media,7430.0,1.61,104.0,104.0,haliburton highlander,haliburton highlander,highlander,2015,2,0,0,0.0,0.0,0.0
['Dysart et al'],2016-01-01,173.0,8389.0,8389.0,0.0,0.0,maple key media,8104.0,1.61,104.0,104.0,haliburton highlander,haliburton highlander,highlander,2016,3,0,0,0.0,0.0,0.0
['Dysart et al'],2017-01-01,173.0,8062.0,8062.0,0.0,0.0,the highlander newspaper limited,7313.0,1.61,104.0,104.0,haliburton highlander,haliburton highlander,highlander,2017,4,0,0,0.0,0.0,0.0
['Dysart et al'],2018-01-01,173.0,8798.0,8798.0,0.0,0.0,the highlander newspaper limited,8722.0,1.61,104.0,104.0,haliburton highlander,haliburton highlander,highlander,2018,5,1,0,0.0,0.0,0.0
['Dysart et al'],2019-01-01,173.0,8798.0,8798.0,0.0,0.0,the highlander newspaper limited,8798.0,1.61,104.0,104.0,haliburton highlander,haliburton highlander,highlander,2019,6,1,0,0.0,0.0,0.0
['Innisfil'],2013-01-01,203.0,10726.0,10726.0,0.0,1.0,metroland media group ltd.,10726.0,1.37,335.0,1160.0,innisfil journal,innisfil journal,innisfil journal,2013,0,0,1,0.0,0.0,1.0
['Innisfil'],2014-01-01,203.0,10891.0,10891.0,0.0,1.0,metroland media group ltd.,10785.0,1.5,1160.0,1160.0,innisfil journal,innisfil journal,innisfil journal,2014,1,0,1,0.0,0.0,1.0
['Innisfil'],2015-01-01,203.0,11376.0,11376.0,0.0,1.0,metroland media group ltd.,10998.0,1.5,1160.0,1160.0,innisfil journal,innisfil journal,innisfil journal,2015,2,0,1,0.0,0.0,1.0
['Innisfil'],2016-01-01,203.0,11661.0,11661.0,0.0,1.0,metroland media group ltd.,11376.0,1.5,1160.0,1160.0,innisfil journal,innisfil journal,innisfil journal,2016,3,0,1,0.0,0.0,1.0
['Innisfil'],2017-01-01,203.0,11848.0,11848.0,0.0,1.0,metroland media group ltd.,11661.0,1.5,1160.0,1160.0,innisfil journal,innisfil journal,innisfil journal,2017,4,0,1,0.0,0.0,1.0
['Innisfil'],2018-01-01,203.0,11885.0,11885.0,0.0,1.0,metroland media group ltd.,11848.0,1.5,1160.0,1160.0,innisfil journal,innisfil journal,innisfil journal,2018,5,1,1,1.0,1.0,1.0
['Innisfil'],2019-01-01,203.0,11866.0,11866.0,0.0,1.0,metroland media group ltd.,11849.0,1.5,1160.0,1160.0,innisfil journal,innisfil journal,innisfil journal,2019,6,1,1,1.0,1.0,1.0
['North Grenville'],2013-01-01,211.0,9467.0,9467.0,0.0,0.0,metroland media group ltd.,10391.0,0.8,335.0,1160.0,kemptville advance,kemptville advance,kemptville advance,2013,0,0,1,0.0,0.0,0.0
['North Grenville'],2014-01-01,211.0,10616.0,10616.0,0.0,0.0,metroland media group ltd.,9467.0,0.56,1160.0,1160.0,kemptville advance,kemptville advance,kemptville advance,2014,1,0,1,0.0,0.0,0.0
['North Grenville'],2015-01-01,211.0,10471.0,10471.0,0.0,0.0,metroland media group ltd.,10454.0,0.66,1160.0,1160.0,kemptville advance,kemptville advance,kemptville advance,2015,2,0,1,0.0,0.0,0.0
['North Grenville'],2016-01-01,211.0,10640.0,10640.0,0.0,0.0,metroland media group ltd.,10471.0,0.66,1160.0,1160.0,kemptville advance,kemptville advance,kemptville advance,2016,3,0,1,0.0,0.0,0.0
['North Grenville'],2017-01-01,211.0,10676.0,10676.0,0.0,0.0,metroland media group ltd.,10640.0,0.66,1160.0,1160.0,kemptville advance,kemptville advance,kemptville advance,2017,4,0,1,0.0,0.0,0.0
['North Grenville'],2018-01-01,211.0,10681.0,10681.0,0.0,0.0,metroland media group ltd.,10676.0,0.66,1160.0,1160.0,kemptville advance,kemptville advance,kemptville advance,2018,5,1,1,0.0,0.0,0.0
['North Grenville'],2019-01-01,211.0,10742.0,10742.0,0.0,0.0,metroland media group ltd.,10710.0,0.66,1160.0,1160.0,kemptville advance,kemptville advance,kemptville advance,2019,6,1,1,0.0,0.0,0.0
['Aurora'],2013-01-01,213.0,7342.0,7342.0,0.0,0.0,metroland media group ltd.,7342.0,0.63,335.0,1160.0,king connection,king connection,king connection,2013,0,0,1,0.0,0.0,0.0
['King'],2014-01-01,213.0,6688.0,6688.0,0.0,0.0,metroland media group ltd.,5877.0,0.71,1160.0,1160.0,king connection,king connection,king connection,2014,1,0,1,0.0,0.0,0.0
['King'],2015-01-01,213.0,7623.0,7623.0,0.0,0.0,metroland media group ltd.,7515.0,0.71,1160.0,1160.0,king connection,king connection,king connection,2015,2,0,1,0.0,0.0,0.0
['King'],2016-01-01,213.0,6091.0,6091.0,0.0,0.0,metroland media group ltd.,7590.0,0.71,1160.0,1160.0,king connection,king connection,king connection,2016,3,0,1,0.0,0.0,0.0
['King'],2017-01-01,213.0,5733.666666666667,5733.666666666667,0.0,0.0,metroland media group ltd.,6091.0,0.71,1160.0,1160.0,king connection,king connection,king connection,2017,4,0,1,0.0,0.0,0.0
['King'],2018-01-01,213.0,5376.333333333333,5376.333333333333,0.0,0.0,metroland media group ltd.,6091.0,0.71,1160.0,1160.0,king connection,king connection,king connection,2018,5,1,1,0.0,0.0,0.0
['King'],2019-01-01,213.0,5019.0,5019.0,0.0,0.0,metroland media group ltd.,5192.0,0.71,1160.0,1160.0,king connection,king connection,king connection,2019,6,1,1,0.0,0.0,0.0
['LaSalle'],2013-01-01,227.0,11219.0,11219.0,0.0,0.0,postmedia network inc.,11174.0,1.04,129.0,388.0,lasalle post,lasalle post,lasalle post,2013,0,0,1,0.0,0.0,0.0
['LaSalle'],2014-01-01,227.0,10936.0,10936.0,0.0,0.0,postmedia network inc.,11219.0,1.04,129.0,388.0,lasalle post,lasalle post,lasalle post,2014,1,0,1,0.0,0.0,0.0
['LaSalle'],2015-01-01,227.0,10653.0,10653.0,0.0,0.0,postmedia network inc.,11219.0,1.08,136.0,408.0,lasalle post,lasalle post,lasalle post,2015,2,0,1,0.0,0.0,0.0
['LaSalle'],2016-01-01,227.0,10370.0,10370.0,0.0,0.0,postmedia network inc.,11219.0,1.08,136.0,408.0,lasalle post,lasalle post,lasalle post,2016,3,0,1,0.0,0.0,0.0
['LaSalle'],2017-01-01,227.0,10087.0,10087.0,0.0,0.0,postmedia network inc.,11219.0,1.14,136.0,428.0,lasalle post,lasalle post,lasalle post,2017,4,0,1,0.0,0.0,0.0
['LaSalle'],2018-01-01,227.0,9804.0,9804.0,0.0,0.0,postmedia network inc.,11219.0,1.25,136.0,428.0,lasalle post,lasalle post,lasalle post,2018,5,1,1,0.0,0.0,0.0
['LaSalle'],2019-01-01,227.0,9804.0,9804.0,0.0,0.0,postmedia network inc.,11219.0,1.25,136.0,428.0,lasalle post,lasalle post,lasalle post,2019,6,1,1,0.0,0.0,0.0
['Mississauga'],2015-01-01,256.0,197792.0,197792.0,0.0,0.0,metroland media group ltd.,125582.0,9.64,1160.0,1160.0,mississauga news,mississauga news,mississauga news,2015,2,0,1,0.0,0.0,0.0
['Mississauga'],2016-01-01,256.0,197547.0,197547.0,0.0,0.0,metroland media group ltd.,125582.0,9.64,1160.0,1160.0,mississauga news,mississauga news,mississauga news,2016,3,0,1,0.0,0.0,0.0
['Mississauga'],2017-01-01,256.0,187392.3333333333,187392.3333333333,0.0,0.0,metroland media group ltd.,165000.0,9.64,1160.0,1160.0,mississauga news,mississauga news,mississauga news,2017,4,0,1,0.0,0.0,0.0
['Mississauga'],2018-01-01,256.0,177237.66666666666,177237.66666666666,0.0,0.0,metroland media group ltd.,165000.0,9.64,1160.0,1160.0,mississauga news,mississauga news,mississauga news,2018,5,1,1,0.0,0.0,0.0
['Mississauga'],2019-01-01,256.0,167083.0,167083.0,0.0,0.0,metroland media group ltd.,167250.0,9.64,1160.0,1160.0,mississauga news,mississauga news,mississauga news,2019,6,1,1,0.0,0.0,0.0
['Hamilton'],2013-01-01,261.0,50300.0,50300.0,0.0,0.0,metroland media group ltd.,50291.0,2.8,335.0,1160.0,hamilton mountain news,hamilton mountain news,mountain news,2013,0,0,1,0.0,0.0,0.0
['Hamilton'],2014-01-01,261.0,50556.0,50556.0,0.0,0.0,metroland media group ltd.,50300.0,3.06,1160.0,1160.0,hamilton mountain news,hamilton mountain news,mountain news,2014,1,0,1,0.0,0.0,0.0
['Hamilton'],2015-01-01,261.0,50017.0,50017.0,0.0,0.0,metroland media group ltd.,50557.0,3.06,1160.0,1160.0,hamilton mountain news,hamilton mountain news,mountain news,2015,2,0,1,0.0,0.0,0.0
['Hamilton'],2016-01-01,261.0,50062.0,50062.0,0.0,0.0,metroland media group ltd.,50057.0,3.06,1160.0,1160.0,hamilton mountain news,hamilton mountain news,mountain news,2016,3,0,1,0.0,0.0,0.0
['Hamilton'],2017-01-01,261.0,49983.0,49983.0,0.0,0.0,metroland media group ltd.,50062.0,3.06,1160.0,1160.0,hamilton mountain news,hamilton mountain news,mountain news,2017,4,0,1,0.0,0.0,0.0
['Hamilton'],2018-01-01,261.0,49988.0,49988.0,0.0,0.0,metroland media group ltd.,49984.0,3.06,1160.0,1160.0,hamilton mountain news,hamilton mountain news,mountain news,2018,5,1,1,0.0,0.0,0.0
['Hamilton'],2019-01-01,261.0,48752.0,48752.0,0.0,0.0,metroland media group ltd.,49497.0,3.06,1160.0,1160.0,hamilton mountain news,hamilton mountain news,mountain news,2019,6,1,1,0.0,0.0,0.0
['Bracebridge'],2015-01-01,265.0,25850.0,25850.0,0.0,0.0,metroland media group ltd.,27187.0,2.97,1160.0,1160.0,muskoka muskokaregion.com,muskoka muskokaregion.com,muskokaregion.com,2015,2,0,1,0.0,0.0,0.0
['Bracebridge'],2016-01-01,265.0,26108.0,26108.0,0.0,0.0,metroland media group ltd.,25850.0,2.97,1160.0,1160.0,muskoka muskokaregion.com,muskoka muskokaregion.com,muskokaregion.com,2016,3,0,1,0.0,0.0,0.0
['Bracebridge'],2017-01-01,265.0,25991.0,25991.0,0.0,0.0,metroland media group ltd.,25850.0,2.97,1160.0,1160.0,muskoka muskokaregion.com,muskoka muskokaregion.com,muskokaregion.com,2017,4,0,1,0.0,0.0,0.0
['Bracebridge'],2018-01-01,265.0,25398.0,25398.0,0.0,0.0,metroland media group ltd.,25991.0,2.97,1160.0,1160.0,muskoka muskokaregion.com,muskoka muskokaregion.com,muskokaregion.com,2018,5,1,1,0.0,0.0,0.0
['Bracebridge'],2019-01-01,265.0,25494.0,25494.0,0.0,0.0,metroland media group ltd.,25494.0,2.97,1160.0,1160.0,muskoka muskokaregion.com,muskoka muskokaregion.com,muskokaregion.com,2019,6,1,1,0.0,0.0,0.0
['Greater Napanee'],2013-01-01,266.0,15531.0,15531.0,0.0,0.0,napanee beaver ltd.,15503.0,0.8,71.0,106.0,napanee beaver,napanee beaver,napanee beaver,2013,0,0,0,0.0,0.0,0.0
['Greater Napanee'],2014-01-01,266.0,15785.0,15785.0,0.0,0.0,napanee beaver ltd.,15531.0,0.8,71.0,106.0,napanee beaver,napanee beaver,napanee beaver,2014,1,0,0,0.0,0.0,0.0
['Greater Napanee'],2015-01-01,266.0,15752.0,15752.0,0.0,0.0,napanee beaver ltd.,15785.0,0.8,71.0,106.0,napanee beaver,napanee beaver,napanee beaver,2015,2,0,0,0.0,0.0,0.0
['Greater Napanee'],2016-01-01,266.0,15749.0,15749.0,0.0,0.0,napanee beaver ltd.,15752.0,0.91,71.0,106.0,napanee beaver,napanee beaver,napanee beaver,2016,3,0,0,0.0,0.0,0.0
['Greater Napanee'],2017-01-01,266.0,15746.0,15746.0,0.0,0.0,napanee beaver ltd.,15752.0,0.91,71.0,106.0,napanee beaver,napanee beaver,napanee beaver,2017,4,0,0,0.0,0.0,0.0
['Greater Napanee'],2018-01-01,266.0,15786.0,15786.0,0.0,0.0,napanee beaver ltd.,15746.0,0.91,71.0,106.0,napanee beaver,napanee beaver,napanee beaver,2018,5,1,0,0.0,0.0,0.0
['Greater Napanee'],2019-01-01,266.0,15914.0,15914.0,0.0,0.0,napanee beaver ltd.,15786.0,0.91,71.0,106.0,napanee beaver,napanee beaver,napanee beaver,2019,6,1,0,0.0,0.0,0.0
"['Brudenell', 'Lyndoch and Raglan', 'Stone Mills', 'Greater Napanee']",2013-01-01,267.0,14980.0,14980.0,0.0,0.0,sun media corporation,14965.0,0.77,194.0,429.0,napanee guide,napanee guide,napanee guide,2013,0,0,1,0.0,0.0,0.0
"['Brudenell', 'Lyndoch and Raglan', 'Stone Mills', 'Greater Napanee']",2014-01-01,267.0,14948.0,14948.0,0.0,0.0,sun media corporation,14980.0,0.78,194.0,429.0,napanee guide,napanee guide,napanee guide,2014,1,0,1,0.0,0.0,0.0
"['Brudenell', 'Lyndoch and Raglan', 'Stone Mills', 'Greater Napanee']",2015-01-01,267.0,14833.0,14833.0,0.0,0.0,sun media corporation,14948.0,0.78,194.0,429.0,napanee guide,napanee guide,napanee guide,2015,2,0,1,0.0,0.0,0.0
"['Brudenell', 'Lyndoch and Raglan', 'Stone Mills', 'Greater Napanee']",2016-01-01,267.0,14939.0,14939.0,0.0,0.0,sun media corporation,14833.0,0.78,194.0,429.0,napanee guide,napanee guide,napanee guide,2016,3,0,1,0.0,0.0,0.0
"['Brudenell', 'Lyndoch and Raglan', 'Stone Mills', 'Greater Napanee']",2017-01-01,267.0,15022.0,15022.0,0.0,0.0,postmedia network inc.,14939.0,0.78,194.0,429.0,napanee guide,napanee guide,napanee guide,2017,4,0,1,0.0,0.0,0.0
['Greater Napanee'],2018-01-01,267.0,14992.0,14992.0,0.0,0.0,postmedia network inc.,15022.0,0.78,194.0,429.0,napanee guide,napanee guide,napanee guide,2018,5,1,1,0.0,0.0,0.0
['Greater Napanee'],2019-01-01,267.0,14992.0,14992.0,0.0,0.0,postmedia network inc.,15022.0,0.78,194.0,429.0,napanee guide,napanee guide,napanee guide,2019,6,1,1,0.0,0.0,0.0
"['Pickering', 'Ajax']",2013-01-01,287.0,53802.0,53802.0,0.0,0.0,metroland media group ltd.,52714.0,4.52,335.0,1160.0,ajax pickering news advertiser,ajax pickering news advertiser,news advertiser,2013,0,0,1,0.0,0.0,0.0
"['Pickering', 'Ajax']",2014-01-01,287.0,54382.0,54382.0,0.0,0.0,metroland media group ltd.,53596.0,4.94,1160.0,1160.0,ajax pickering news advertiser,ajax pickering news advertiser,news advertiser,2014,1,0,1,0.0,0.0,0.0
"['Pickering', 'Ajax']",2015-01-01,287.0,53818.0,53818.0,0.0,0.0,metroland media group ltd.,53619.0,4.94,1160.0,1160.0,ajax pickering news advertiser,ajax pickering news advertiser,news advertiser,2015,2,0,1,0.0,0.0,0.0
"['Pickering', 'Ajax']",2016-01-01,287.0,52833.0,52833.0,0.0,0.0,metroland media group ltd.,53950.0,4.94,1160.0,1160.0,ajax pickering news advertiser,ajax pickering news advertiser,news advertiser,2016,3,0,1,0.0,0.0,0.0
"['Pickering', 'Ajax']",2017-01-01,287.0,52863.66666666666,52863.66666666666,0.0,0.0,metroland media group ltd.,52833.0,4.94,1160.0,1160.0,ajax pickering news advertiser,ajax pickering news advertiser,news advertiser,2017,4,0,1,0.0,0.0,0.0
"['Pickering', 'Ajax']",2018-01-01,287.0,52894.333333333336,52894.333333333336,0.0,0.0,metroland media group ltd.,52624.0,4.94,1160.0,1160.0,ajax pickering news advertiser,ajax pickering news advertiser,news advertiser,2018,5,1,1,0.0,0.0,0.0
"['Pickering', 'Ajax']",2019-01-01,287.0,52925.0,52925.0,0.0,0.0,metroland media group ltd.,53176.0,4.94,1160.0,1160.0,ajax pickering news advertiser,ajax pickering news advertiser,news advertiser,2019,6,1,1,0.0,0.0,0.0
"['Pickering', 'Ajax']",2013-01-01,288.0,53802.0,53802.0,0.0,0.0,metroland media group ltd.,52732.0,4.52,335.0,1160.0,ajax pickering news advertiser,ajax pickering news advertiser,news advertiser,2013,0,0,1,0.0,0.0,0.0
"['Pickering', 'Ajax']",2014-01-01,288.0,54394.0,54394.0,0.0,0.0,metroland media group ltd.,53584.0,4.94,1160.0,1160.0,ajax pickering news advertiser,ajax pickering news advertiser,news advertiser,2014,1,0,1,0.0,0.0,0.0
"['Pickering', 'Ajax']",2015-01-01,288.0,53813.0,53813.0,0.0,0.0,metroland media group ltd.,53619.0,4.94,1160.0,1160.0,ajax pickering news advertiser,ajax pickering news advertiser,news advertiser,2015,2,0,1,0.0,0.0,0.0
"['Pickering', 'Ajax']",2016-01-01,288.0,52855.0,52855.0,0.0,0.0,metroland media group ltd.,53965.0,4.94,1160.0,1160.0,ajax pickering news advertiser,ajax pickering news advertiser,news advertiser,2016,3,0,1,0.0,0.0,0.0
"['Pickering', 'Ajax']",2017-01-01,288.0,52609.333333333336,52609.333333333336,0.0,0.0,metroland media group ltd.,52855.0,4.94,1160.0,1160.0,ajax pickering news advertiser,ajax pickering news advertiser,news advertiser,2017,4,0,1,0.0,0.0,0.0
"['Pickering', 'Ajax']",2018-01-01,288.0,52363.66666666666,52363.66666666666,0.0,0.0,metroland media group ltd.,52574.0,4.94,1160.0,1160.0,ajax pickering news advertiser,ajax pickering news advertiser,news advertiser,2018,5,1,1,0.0,0.0,0.0
"['Pickering', 'Ajax']",2019-01-01,288.0,52118.0,52118.0,0.0,0.0,metroland media group ltd.,53217.0,4.94,1160.0,1160.0,ajax pickering news advertiser,ajax pickering news advertiser,news advertiser,2019,6,1,1,0.0,0.0,0.0
['Pelham'],2013-01-01,295.0,179700.0,179700.0,0.0,1.0,metroland media group ltd.,167300.0,3.79,335.0,1160.0,niagara this week,niagara this week,niagara this week,2013,0,0,1,0.0,0.0,1.0
['Pelham'],2014-01-01,295.0,151925.0,151925.0,0.0,1.0,metroland media group ltd.,180050.0,3.86,1160.0,1160.0,niagara this week,niagara this week,niagara this week,2014,1,0,1,0.0,0.0,1.0
['Pelham'],2015-01-01,295.0,159755.0,159755.0,0.0,1.0,metroland media group ltd.,151925.0,3.86,1160.0,1160.0,niagara this week,niagara this week,niagara this week,2015,2,0,1,0.0,0.0,1.0
['Pelham'],2016-01-01,295.0,155941.0,155941.0,0.0,1.0,metroland media group ltd.,159597.0,3.86,1160.0,1160.0,niagara this week,niagara this week,niagara this week,2016,3,0,1,0.0,0.0,1.0
['Pelham'],2017-01-01,295.0,156663.5,156663.5,0.0,1.0,metroland media group ltd.,159597.0,3.86,1160.0,1160.0,niagara this week,niagara this week,niagara this week,2017,4,0,1,0.0,0.0,1.0
['Pelham'],2018-01-01,295.0,157386.0,157386.0,0.0,1.0,metroland media group ltd.,157002.0,3.86,1160.0,1160.0,niagara this week,niagara this week,niagara this week,2018,5,1,1,1.0,1.0,1.0
['Pelham'],2019-01-01,295.0,156690.0,156690.0,0.0,1.0,metroland media group ltd.,156928.0,3.86,1160.0,1160.0,niagara this week,niagara this week,niagara this week,2019,6,1,1,1.0,1.0,1.0
['Toronto'],2013-01-01,310.0,94807.0,94807.0,0.0,0.0,metroland media group ltd.,94915.0,7.73,335.0,1160.0,north york mirror,north york mirror,north york mirror,2013,0,0,1,0.0,0.0,0.0
['Toronto'],2014-01-01,310.0,95006.0,95006.0,0.0,0.0,metroland media group ltd.,94743.0,8.44,1160.0,1160.0,north york mirror,north york mirror,north york mirror,2014,1,0,1,0.0,0.0,0.0
['Toronto'],2015-01-01,310.0,100647.0,100647.0,0.0,0.0,metroland media group ltd.,97046.0,8.44,1160.0,1160.0,north york mirror,north york mirror,north york mirror,2015,2,0,1,0.0,0.0,0.0
['Toronto'],2016-01-01,310.0,96965.0,96965.0,0.0,0.0,metroland media group ltd.,98013.0,8.44,1160.0,1160.0,north york mirror,north york mirror,north york mirror,2016,3,0,1,0.0,0.0,0.0
['Toronto'],2017-01-01,310.0,94928.66666666669,94928.66666666669,0.0,0.0,metroland media group ltd.,96965.0,8.44,1160.0,1160.0,north york mirror,north york mirror,north york mirror,2017,4,0,1,0.0,0.0,0.0
['Toronto'],2018-01-01,310.0,92892.33333333331,92892.33333333331,0.0,0.0,metroland media group ltd.,93964.0,8.69,1160.0,1160.0,north york mirror,north york mirror,north york mirror,2018,5,1,1,0.0,0.0,0.0
['Toronto'],2019-01-01,310.0,90856.0,90856.0,0.0,0.0,metroland media group ltd.,90896.0,8.69,1160.0,1160.0,north york mirror,north york mirror,north york mirror,2019,6,1,1,0.0,0.0,0.0
"['Cramahe', 'Port Hope', 'Cobourg']",2015-01-01,322.0,22717.0,22717.0,0.0,1.0,metroland media group ltd.,22731.0,2.75,1160.0,1160.0,cobourg port hope colborne northumberland news,northumberland news,northumberland news,2015,2,0,1,0.0,0.0,1.0
"['Cramahe', 'Port Hope', 'Cobourg']",2016-01-01,322.0,22631.0,22631.0,0.0,1.0,metroland media group ltd.,22722.0,2.75,1160.0,1160.0,cobourg port hope colborne northumberland news,northumberland news,northumberland news,2016,3,0,1,0.0,0.0,1.0
"['Cramahe', 'Port Hope', 'Cobourg']",2017-01-01,322.0,22546.666666666668,22546.666666666668,0.0,1.0,metroland media group ltd.,22631.0,2.75,1160.0,1160.0,cobourg port hope colborne northumberland news,northumberland news,northumberland news,2017,4,0,1,0.0,0.0,1.0
"['Cramahe', 'Port Hope', 'Cobourg']",2018-01-01,322.0,22462.33333333333,22462.33333333333,0.0,1.0,metroland media group ltd.,22460.0,2.75,1160.0,1160.0,cobourg port hope colborne northumberland news,northumberland news,northumberland news,2018,5,1,1,1.0,1.0,1.0
"['Cramahe', 'Port Hope', 'Cobourg']",2019-01-01,322.0,22378.0,22378.0,0.0,1.0,metroland media group ltd.,22338.0,2.75,1160.0,1160.0,cobourg port hope colborne northumberland news,northumberland news,northumberland news,2019,6,1,1,1.0,1.0,1.0
['Perth East'],2013-01-01,351.0,11930.0,11930.0,0.0,0.0,metroland media group ltd.,11763.0,0.69,335.0,1160.0,perth courier,perth courier,perth courier,2013,0,0,1,0.0,0.0,0.0
['Perth East'],2014-01-01,351.0,12232.0,12232.0,0.0,0.0,metroland media group ltd.,11930.0,0.48,1160.0,1160.0,perth courier,perth courier,perth courier,2014,1,0,1,0.0,0.0,0.0
['Perth East'],2015-01-01,351.0,12467.0,12467.0,0.0,0.0,metroland media group ltd.,12345.0,0.57,1160.0,1160.0,perth courier,perth courier,perth courier,2015,2,0,1,0.0,0.0,0.0
['Perth East'],2016-01-01,351.0,11722.0,11722.0,0.0,0.0,metroland media group ltd.,12467.0,0.57,1160.0,1160.0,perth courier,perth courier,perth courier,2016,3,0,1,0.0,0.0,0.0
['Perth East'],2017-01-01,351.0,11765.0,11765.0,0.0,0.0,metroland media group ltd.,11722.0,0.57,1160.0,1160.0,perth courier,perth courier,perth courier,2017,4,0,1,0.0,0.0,0.0
['Perth East'],2018-01-01,351.0,11702.0,11702.0,0.0,0.0,metroland media group ltd.,11765.0,0.57,1160.0,1160.0,perth courier,perth courier,perth courier,2018,5,1,1,0.0,0.0,0.0
['Perth East'],2019-01-01,351.0,11686.0,11686.0,0.0,0.0,metroland media group ltd.,11828.0,0.57,1160.0,1160.0,perth courier,perth courier,perth courier,2019,6,1,1,0.0,0.0,0.0
['Peterborough'],2013-01-01,352.0,45490.0,45490.0,0.0,1.0,metroland media group ltd.,45647.0,3.91,335.0,1160.0,peterborough this week,peterborough this week,peterborough this week,2013,0,0,1,0.0,0.0,1.0
['Peterborough'],2014-01-01,352.0,45095.0,45095.0,0.0,1.0,metroland media group ltd.,45313.0,4.28,1160.0,1160.0,peterborough this week,peterborough this week,peterborough this week,2014,1,0,1,0.0,0.0,1.0
['Peterborough'],2015-01-01,352.0,44314.0,44314.0,0.0,1.0,metroland media group ltd.,44719.0,4.28,1160.0,1160.0,peterborough this week,peterborough this week,peterborough this week,2015,2,0,1,0.0,0.0,1.0
['Peterborough'],2016-01-01,352.0,43968.0,43968.0,0.0,1.0,metroland media group ltd.,44465.0,4.28,1160.0,1160.0,peterborough this week,peterborough this week,peterborough this week,2016,3,0,1,0.0,0.0,1.0
['Peterborough'],2017-01-01,352.0,43360.333333333336,43360.333333333336,0.0,1.0,metroland media group ltd.,43968.0,4.28,1160.0,1160.0,peterborough this week,peterborough this week,peterborough this week,2017,4,0,1,0.0,0.0,1.0
['Peterborough'],2018-01-01,352.0,42752.66666666666,42752.66666666666,0.0,1.0,metroland media group ltd.,43195.0,4.28,1160.0,1160.0,peterborough this week,peterborough this week,peterborough this week,2018,5,1,1,1.0,1.0,1.0
['Peterborough'],2019-01-01,352.0,42145.0,42145.0,0.0,1.0,metroland media group ltd.,41715.0,4.28,1160.0,1160.0,peterborough this week,peterborough this week,peterborough this week,2019,6,1,1,1.0,1.0,1.0
['Peterborough'],2013-01-01,353.0,46050.0,46050.0,0.0,1.0,metroland media group ltd.,45970.0,3.91,335.0,1160.0,peterborough this week,peterborough this week,peterborough this week,2013,0,0,1,0.0,0.0,1.0
['Peterborough'],2014-01-01,353.0,45686.0,45686.0,0.0,1.0,metroland media group ltd.,45794.0,4.28,1160.0,1160.0,peterborough this week,peterborough this week,peterborough this week,2014,1,0,1,0.0,0.0,1.0
['Peterborough'],2015-01-01,353.0,44901.0,44901.0,0.0,1.0,metroland media group ltd.,45276.0,4.28,1160.0,1160.0,peterborough this week,peterborough this week,peterborough this week,2015,2,0,1,0.0,0.0,1.0
['Peterborough'],2016-01-01,353.0,44528.0,44528.0,0.0,1.0,metroland media group ltd.,45043.0,4.28,1160.0,1160.0,peterborough this week,peterborough this week,peterborough this week,2016,3,0,1,0.0,0.0,1.0
['Peterborough'],2017-01-01,353.0,43740.333333333336,43740.333333333336,0.0,1.0,metroland media group ltd.,44528.0,4.28,1160.0,1160.0,peterborough this week,peterborough this week,peterborough this week,2017,4,0,1,0.0,0.0,1.0
['Peterborough'],2018-01-01,353.0,42952.66666666666,42952.66666666666,0.0,1.0,metroland media group ltd.,43797.0,4.28,1160.0,1160.0,peterborough this week,peterborough this week,peterborough this week,2018,5,1,1,1.0,1.0,1.0
['Peterborough'],2019-01-01,353.0,42165.0,42165.0,0.0,1.0,metroland media group ltd.,42182.0,4.28,1160.0,1160.0,peterborough this week,peterborough this week,peterborough this week,2019,6,1,1,1.0,1.0,1.0
['Prince Edward County'],2013-01-01,356.0,11931.0,11931.0,0.0,0.0,napanee beaver ltd.,11955.0,0.79,71.0,106.0,prince edward picton gazette,picton gazette,picton gazette,2013,0,0,0,0.0,0.0,0.0
['Prince Edward County'],2014-01-01,356.0,12102.0,12102.0,0.0,0.0,napanee beaver ltd.,11931.0,0.79,71.0,106.0,prince edward picton gazette,picton gazette,picton gazette,2014,1,0,0,0.0,0.0,0.0
['Prince Edward County'],2015-01-01,356.0,11548.0,11548.0,0.0,0.0,napanee beaver ltd.,11955.0,0.79,71.0,106.0,prince edward picton gazette,picton gazette,picton gazette,2015,2,0,0,0.0,0.0,0.0
['Prince Edward County'],2016-01-01,356.0,11426.0,11426.0,0.0,0.0,napanee beaver ltd.,11548.0,0.89,71.0,106.0,prince edward picton gazette,picton gazette,picton gazette,2016,3,0,0,0.0,0.0,0.0
['Prince Edward County'],2017-01-01,356.0,11450.0,11450.0,0.0,0.0,napanee beaver ltd.,11426.0,0.89,71.0,106.0,prince edward picton gazette,picton gazette,picton gazette,2017,4,0,0,0.0,0.0,0.0
['Prince Edward County'],2018-01-01,356.0,11377.0,11377.0,0.0,0.0,napanee beaver ltd.,11450.0,0.91,71.0,106.0,prince edward picton gazette,picton gazette,picton gazette,2018,5,1,0,0.0,0.0,0.0
['Prince Edward County'],2019-01-01,356.0,11778.0,11778.0,0.0,0.0,napanee beaver ltd.,11377.0,0.91,71.0,106.0,prince edward picton gazette,picton gazette,picton gazette,2019,6,1,0,0.0,0.0,0.0
['Laurentian Valley'],2013-01-01,368.0,15290.0,15290.0,0.0,0.0,metroland media group ltd.,15286.0,1.15,335.0,1160.0,renfrew mercury,renfrew mercury,renfrew mercury,2013,0,0,1,0.0,0.0,0.0
['Laurentian Valley'],2014-01-01,368.0,15587.0,15587.0,0.0,0.0,metroland media group ltd.,15290.0,0.8,1160.0,1160.0,renfrew mercury,renfrew mercury,renfrew mercury,2014,1,0,1,0.0,0.0,0.0
['Laurentian Valley'],2015-01-01,368.0,15624.0,15624.0,0.0,0.0,metroland media group ltd.,15564.0,0.94,1160.0,1160.0,renfrew mercury,renfrew mercury,renfrew mercury,2015,2,0,1,0.0,0.0,0.0
['Laurentian Valley'],2016-01-01,368.0,14519.0,14519.0,0.0,0.0,metroland media group ltd.,13121.0,0.94,1160.0,1160.0,renfrew mercury,renfrew mercury,renfrew mercury,2016,3,0,1,0.0,0.0,0.0
['Laurentian Valley'],2017-01-01,368.0,13359.0,13359.0,0.0,0.0,metroland media group ltd.,14519.0,0.94,1160.0,1160.0,renfrew mercury,renfrew mercury,renfrew mercury,2017,4,0,1,0.0,0.0,0.0
['Laurentian Valley'],2018-01-01,368.0,13319.0,13319.0,0.0,0.0,metroland media group ltd.,13359.0,0.94,1160.0,1160.0,renfrew mercury,renfrew mercury,renfrew mercury,2018,5,1,1,0.0,0.0,0.0
['Laurentian Valley'],2019-01-01,368.0,11563.0,11563.0,0.0,0.0,metroland media group ltd.,11942.0,0.94,1160.0,1160.0,renfrew mercury,renfrew mercury,renfrew mercury,2019,6,1,1,0.0,0.0,0.0
['Amherstburg'],2013-01-01,373.0,8985.0,8985.0,0.0,0.0,river town times,8986.0,0.77,88.0,382.0,amherstburg river town times,amherstburg river town times,river town times,2013,0,0,0,0.0,0.0,0.0
['Amherstburg'],2014-01-01,373.0,9177.0,9177.0,0.0,0.0,river town times,8985.0,0.79,88.0,382.0,amherstburg river town times,amherstburg river town times,river town times,2014,1,0,0,0.0,0.0,0.0
['Amherstburg'],2015-01-01,373.0,9185.0,9185.0,0.0,0.0,river town times,9177.0,0.79,88.0,382.0,amherstburg river town times,amherstburg river town times,river town times,2015,2,0,0,0.0,0.0,0.0
['Amherstburg'],2016-01-01,373.0,9133.0,9133.0,0.0,0.0,river town times,9185.0,0.79,88.0,382.0,amherstburg river town times,amherstburg river town times,river town times,2016,3,0,0,0.0,0.0,0.0
['Amherstburg'],2017-01-01,373.0,9280.0,9280.0,0.0,0.0,river town times,9133.0,0.79,88.0,382.0,amherstburg river town times,amherstburg river town times,river town times,2017,4,0,0,0.0,0.0,0.0
['Amherstburg'],2018-01-01,373.0,9442.0,9442.0,0.0,0.0,southpoint publishing inc.,9280.0,0.79,88.0,382.0,amherstburg river town times,amherstburg river town times,river town times,2018,5,1,0,0.0,0.0,0.0
['Amherstburg'],2019-01-01,373.0,9478.0,9478.0,0.0,0.0,southpoint publishing inc.,9442.0,0.79,88.0,382.0,amherstburg river town times,amherstburg river town times,river town times,2019,6,1,0,0.0,0.0,0.0
['Toronto'],2014-01-01,381.0,118726.0,118726.0,0.0,0.0,metroland media group ltd.,119652.0,8.93,1160.0,1160.0,scarborough mirror,scarborough mirror,scarborough mirror,2014,1,0,1,0.0,0.0,0.0
['Toronto'],2015-01-01,381.0,123298.0,123298.0,0.0,0.0,metroland media group ltd.,118432.0,8.93,1160.0,1160.0,scarborough mirror,scarborough mirror,scarborough mirror,2015,2,0,1,0.0,0.0,0.0
['Toronto'],2016-01-01,381.0,123762.0,123762.0,0.0,0.0,metroland media group ltd.,121745.0,8.93,1160.0,1160.0,scarborough mirror,scarborough mirror,scarborough mirror,2016,3,0,1,0.0,0.0,0.0
['Toronto'],2017-01-01,381.0,122604.0,122604.0,0.0,0.0,metroland media group ltd.,123762.0,8.93,1160.0,1160.0,scarborough mirror,scarborough mirror,scarborough mirror,2017,4,0,1,0.0,0.0,0.0
['Toronto'],2018-01-01,381.0,121446.0,121446.0,0.0,0.0,metroland media group ltd.,122607.0,9.2,1160.0,1160.0,scarborough mirror,scarborough mirror,scarborough mirror,2018,5,1,1,0.0,0.0,0.0
['Toronto'],2019-01-01,381.0,120288.0,120288.0,0.0,0.0,metroland media group ltd.,120372.0,9.2,1160.0,1160.0,scarborough mirror,scarborough mirror,scarborough mirror,2019,6,1,1,0.0,0.0,0.0
"['Tecumseh', 'Windsor']",2013-01-01,387.0,17312.0,17312.0,0.0,0.0,postmedia network inc.,17000.0,1.34,129.0,388.0,tecumseh st. clair beach windsor shoreline week,tecumseh shoreline week,shoreline week,2013,0,0,1,0.0,0.0,0.0
"['Tecumseh', 'Windsor']",2014-01-01,387.0,17324.5,17324.5,0.0,0.0,postmedia network inc.,17312.0,1.34,129.0,388.0,tecumseh st. clair beach windsor shoreline week,tecumseh shoreline week,shoreline week,2014,1,0,1,0.0,0.0,0.0
"['Tecumseh', 'Windsor']",2015-01-01,387.0,17337.0,17337.0,0.0,0.0,postmedia network inc.,17312.0,1.41,136.0,408.0,tecumseh st. clair beach windsor shoreline week,tecumseh shoreline week,shoreline week,2015,2,0,1,0.0,0.0,0.0
"['Tecumseh', 'Windsor']",2016-01-01,387.0,17349.5,17349.5,0.0,0.0,postmedia network inc.,17312.0,1.41,136.0,408.0,tecumseh st. clair beach windsor shoreline week,tecumseh shoreline week,shoreline week,2016,3,0,1,0.0,0.0,0.0
"['Tecumseh', 'Windsor']",2017-01-01,387.0,17362.0,17362.0,0.0,0.0,postmedia network inc.,17312.0,1.48,136.0,428.0,tecumseh st. clair beach windsor shoreline week,tecumseh shoreline week,shoreline week,2017,4,0,1,0.0,0.0,0.0
"['Tecumseh', 'Windsor']",2018-01-01,387.0,18808.0,18808.0,0.0,0.0,postmedia network inc.,17362.0,1.62,136.0,428.0,tecumseh st. clair beach windsor shoreline week,tecumseh shoreline week,shoreline week,2018,5,1,1,0.0,0.0,0.0
"['Tecumseh', 'Windsor']",2019-01-01,387.0,18808.0,18808.0,0.0,0.0,postmedia network inc.,17362.0,1.62,136.0,428.0,tecumseh st. clair beach windsor shoreline week,tecumseh shoreline week,shoreline week,2019,6,1,1,0.0,0.0,0.0
['Smiths Falls'],2013-01-01,391.0,11726.0,11726.0,0.0,0.0,metroland media group ltd.,11010.0,0.97,335.0,1160.0,smiths falls record news,smiths falls record news,smiths falls record news,2013,0,0,1,0.0,0.0,0.0
['Smiths Falls'],2014-01-01,391.0,12352.0,12352.0,0.0,0.0,metroland media group ltd.,11726.0,0.68,1160.0,1160.0,smiths falls record news,smiths falls record news,smiths falls record news,2014,1,0,1,0.0,0.0,0.0
['Smiths Falls'],2015-01-01,391.0,12186.0,12186.0,0.0,0.0,metroland media group ltd.,12215.0,0.79,1160.0,1160.0,smiths falls record news,smiths falls record news,smiths falls record news,2015,2,0,1,0.0,0.0,0.0
['Smiths Falls'],2016-01-01,391.0,11887.0,11887.0,0.0,0.0,metroland media group ltd.,12186.0,0.79,1160.0,1160.0,smiths falls record news,smiths falls record news,smiths falls record news,2016,3,0,1,0.0,0.0,0.0
['Smiths Falls'],2017-01-01,391.0,11515.0,11515.0,0.0,0.0,metroland media group ltd.,11887.0,0.79,1160.0,1160.0,smiths falls record news,smiths falls record news,smiths falls record news,2017,4,0,1,0.0,0.0,0.0
['Smiths Falls'],2018-01-01,391.0,11463.0,11463.0,0.0,0.0,metroland media group ltd.,11515.0,0.79,1160.0,1160.0,smiths falls record news,smiths falls record news,smiths falls record news,2018,5,1,1,0.0,0.0,0.0
['Smiths Falls'],2019-01-01,391.0,11324.0,11324.0,0.0,0.0,metroland media group ltd.,11484.0,0.79,1160.0,1160.0,smiths falls record news,smiths falls record news,smiths falls record news,2019,6,1,1,0.0,0.0,0.0
['Leamington'],2013-01-01,454.0,9881.0,9881.0,0.0,0.0,jim heyens and sheila mcbrayne,10800.0,1.06,294.0,529.0,leamington southpoint sun,leamington southpoint sun,southpoint sun,2013,0,0,0,0.0,0.0,0.0
['Leamington'],2014-01-01,454.0,10384.0,10384.0,0.0,0.0,jim heyens and sheila mcbrayne,9881.0,1.12,294.0,529.0,leamington southpoint sun,leamington southpoint sun,southpoint sun,2014,1,0,0,0.0,0.0,0.0
['Leamington'],2015-01-01,454.0,10620.0,10620.0,0.0,0.0,jim heyens and sheila mcbrayne,10384.0,1.12,294.0,529.0,leamington southpoint sun,leamington southpoint sun,southpoint sun,2015,2,0,0,0.0,0.0,0.0
['Leamington'],2016-01-01,454.0,10659.0,10659.0,0.0,0.0,jim heyens and sheila mcbrayne,10620.0,1.14,294.0,529.0,leamington southpoint sun,leamington southpoint sun,southpoint sun,2016,3,0,0,0.0,0.0,0.0
['Leamington'],2017-01-01,454.0,11330.0,11330.0,0.0,0.0,southpoint publishing inc.,10659.0,1.18,294.0,529.0,leamington southpoint sun,leamington southpoint sun,southpoint sun,2017,4,0,0,0.0,0.0,0.0
,2018-01-01,454.0,12001.0,12001.0,0.0,0.0,,13479.5,1.355,294.0,529.0,,,,2018,5,1,0,0.0,0.0,0.0
"['Leamington', 'Chatham-Kent']",2019-01-01,454.0,12672.0,12672.0,0.0,0.0,southpoint publishing inc.,16300.0,1.53,294.0,529.0,leamington wheatley southpoint sun,leamington wheatley kingsville southpoint sun,southpoint sun,2019,6,1,0,0.0,0.0,0.0
['Brant'],2015-01-01,466.0,4928.0,4928.0,0.0,0.0,sun media corporation,4175.0,0.65,127.0,382.0,paris star,paris star,star,2015,2,0,1,0.0,0.0,0.0
['Brant'],2016-01-01,466.0,4885.0,4885.0,0.0,0.0,sun media corporation,4900.0,0.65,127.0,382.0,paris star,paris star,star,2016,3,0,1,0.0,0.0,0.0
['Brant'],2017-01-01,466.0,4910.0,4910.0,0.0,0.0,postmedia network inc.,4885.0,0.65,127.0,382.0,paris star,paris star,star,2017,4,0,1,0.0,0.0,0.0
['Brant'],2018-01-01,466.0,4894.0,4894.0,0.0,0.0,postmedia network inc.,4910.0,0.67,127.0,394.0,paris star,paris star,star,2018,5,1,1,0.0,0.0,0.0
['Brant'],2019-01-01,466.0,4894.0,4894.0,0.0,0.0,postmedia network inc.,4910.0,0.67,127.0,394.0,paris star,paris star,star,2019,6,1,1,0.0,0.0,0.0
['Hamilton'],2013-01-01,470.0,29928.0,29928.0,0.0,0.0,metroland media group ltd.,29900.0,2.5,335.0,1160.0,stoney creek news,stoney creek news,stoney creek news,2013,0,0,1,0.0,0.0,0.0
['Hamilton'],2014-01-01,470.0,30571.0,30571.0,0.0,0.0,metroland media group ltd.,29928.0,2.73,1160.0,1160.0,stoney creek news,stoney creek news,stoney creek news,2014,1,0,1,0.0,0.0,0.0
['Hamilton'],2015-01-01,470.0,30041.0,30041.0,0.0,0.0,metroland media group ltd.,30604.0,2.73,1160.0,1160.0,stoney creek news,stoney creek news,stoney creek news,2015,2,0,1,0.0,0.0,0.0
['Hamilton'],2016-01-01,470.0,29932.0,29932.0,0.0,0.0,metroland media group ltd.,29930.0,2.73,1160.0,1160.0,stoney creek news,stoney creek news,stoney creek news,2016,3,0,1,0.0,0.0,0.0
['Hamilton'],2017-01-01,470.0,29928.0,29928.0,0.0,0.0,metroland media group ltd.,29932.0,2.73,1160.0,1160.0,stoney creek news,stoney creek news,stoney creek news,2017,4,0,1,0.0,0.0,0.0
['Hamilton'],2018-01-01,470.0,28929.0,28929.0,0.0,0.0,metroland media group ltd.,29931.0,2.73,1160.0,1160.0,stoney creek news,stoney creek news,stoney creek news,2018,5,1,1,0.0,0.0,0.0
['Hamilton'],2019-01-01,470.0,29875.0,29875.0,0.0,0.0,metroland media group ltd.,29943.0,2.73,1160.0,1160.0,stoney creek news,stoney creek news,stoney creek news,2019,6,1,1,0.0,0.0,0.0
"['Collingwood', 'Wasaga Beach']",2013-01-01,495.0,10819.0,10819.0,0.0,1.0,metroland media group ltd.,11500.0,2.16,335.0,1160.0,collingwood wasaga the connection,collingwood connection,the connection,2013,0,0,1,0.0,0.0,1.0
"['Collingwood', 'Wasaga Beach']",2014-01-01,495.0,11098.0,11098.0,0.0,1.0,metroland media group ltd.,10819.0,2.35,1160.0,1160.0,collingwood wasaga the connection,collingwood connection,the connection,2014,1,0,1,0.0,0.0,1.0
,2015-01-01,495.0,11191.4,11191.4,0.0,1.0,,10972.4,2.35,1160.0,1160.0,,,,2015,2,0,0,0.0,0.0,0.0
,2016-01-01,495.0,11284.8,11284.8,0.0,1.0,,11125.8,2.35,1160.0,1160.0,,,,2016,3,0,0,0.0,0.0,0.0
,2017-01-01,495.0,11378.2,11378.2,0.0,1.0,,11279.2,2.35,1160.0,1160.0,,,,2017,4,0,0,0.0,0.0,0.0
,2018-01-01,495.0,11471.6,11471.6,0.0,1.0,,11432.6,2.35,1160.0,1160.0,,,,2018,5,1,0,0.0,1.0,0.0
"['Collingwood', 'Wasaga Beach']",2019-01-01,495.0,11565.0,11565.0,0.0,1.0,metroland media group ltd.,11586.0,2.35,1160.0,1160.0,collingwood wasaga the connection,collingwood connection,the connection,2019,6,1,1,1.0,1.0,1.0
"['Vaughan', 'Richmond Hill']",2013-01-01,510.0,81467.0,81467.0,0.0,0.0,metroland media group ltd.,83140.0,5.44,335.0,1160.0,richmond hill thornhill the liberal,richmond hill thornhill liberal,the liberal,2013,0,0,1,0.0,0.0,0.0
"['Vaughan', 'Richmond Hill']",2014-01-01,510.0,83416.0,83416.0,0.0,0.0,metroland media group ltd.,81654.0,5.94,1160.0,1160.0,richmond hill thornhill the liberal,richmond hill thornhill liberal,the liberal,2014,1,0,1,0.0,0.0,0.0
"['Vaughan', 'Richmond Hill']",2015-01-01,510.0,83938.0,83938.0,0.0,0.0,metroland media group ltd.,83416.0,5.94,1160.0,1160.0,richmond hill thornhill the liberal,richmond hill thornhill liberal,the liberal,2015,2,0,1,0.0,0.0,0.0
,2016-01-01,510.0,66867.33333333333,66867.33333333333,0.0,0.0,,83626.33333333333,5.94,1160.0,1160.0,,,,2016,3,0,0,0.0,0.0,0.0
,2017-01-01,510.0,49796.66666666666,49796.66666666666,0.0,0.0,,83836.66666666667,5.94,1160.0,1160.0,,,,2017,4,0,0,0.0,0.0,0.0
"['Vaughan', 'Richmond Hill']",2018-01-01,510.0,32726.0,32726.0,0.0,0.0,metroland media group ltd.,84047.0,5.94,1160.0,1160.0,richmond hill thornhill the liberal,richmond hill thornhill liberal,the liberal,2018,5,1,1,0.0,0.0,0.0
"['Vaughan', 'Richmond Hill']",2019-01-01,510.0,84406.0,84406.0,0.0,0.0,metroland media group ltd.,84542.0,5.94,1160.0,1160.0,richmond hill thornhill the liberal,richmond hill thornhill liberal,the liberal,2019,6,1,1,0.0,0.0,0.0
"['Clearview', 'Wasaga Beach']",2015-01-01,525.0,13150.0,13150.0,0.0,0.0,metroland media group ltd.,12256.0,2.35,1160.0,1160.0,wasaga stayner the sun,wasaga stayner sun,the sun,2015,2,0,1,0.0,0.0,0.0
"['Clearview', 'Wasaga Beach']",2016-01-01,525.0,12507.0,12507.0,0.0,0.0,metroland media group ltd.,12507.0,2.35,1160.0,1160.0,wasaga stayner the sun,wasaga stayner sun,the sun,2016,3,0,1,0.0,0.0,0.0
"['Clearview', 'Wasaga Beach']",2017-01-01,525.0,13051.0,13051.0,0.0,0.0,metroland media group ltd.,12507.0,2.35,1160.0,1160.0,wasaga stayner the sun,wasaga stayner sun,the sun,2017,4,0,1,0.0,0.0,0.0
"['Clearview', 'Wasaga Beach']",2018-01-01,525.0,13019.0,13019.0,0.0,0.0,metroland media group ltd.,13051.0,2.35,1160.0,1160.0,wasaga stayner the sun,wasaga stayner sun,the sun,2018,5,1,1,0.0,0.0,0.0
"['Clearview', 'Wasaga Beach']",2019-01-01,525.0,13332.0,13332.0,0.0,0.0,metroland media group ltd.,13239.0,2.35,1160.0,1160.0,wasaga stayner the sun,wasaga stayner sun,the sun,2019,6,1,1,0.0,0.0,0.0
"['Thunder Bay', 'Unorganized']",2014-01-01,546.0,43740.0,43740.0,0.0,0.0,dougall media,43740.0,1.75,184.0,404.0,thunder bay source,thunder bay source,thunder bay source,2014,1,0,0,0.0,0.0,0.0
"['Thunder Bay', 'Unorganized']",2015-01-01,546.0,43739.0,43739.0,0.0,0.0,dougall media,43740.0,1.75,184.0,404.0,thunder bay source,thunder bay source,thunder bay source,2015,2,0,0,0.0,0.0,0.0
"['Thunder Bay', 'Unorganized']",2016-01-01,546.0,43740.0,43740.0,0.0,0.0,dougall media,43739.0,1.75,184.0,404.0,thunder bay source,thunder bay source,thunder bay source,2016,3,0,0,0.0,0.0,0.0
"['Thunder Bay', 'Unorganized']",2017-01-01,546.0,43717.0,43717.0,0.0,0.0,dougall media,43740.0,1.75,184.0,404.0,thunder bay source,thunder bay source,thunder bay source,2017,4,0,0,0.0,0.0,0.0
"['Thunder Bay', 'Unorganized']",2018-01-01,546.0,43438.0,43438.0,0.0,0.0,dougall media,43717.0,1.75,184.0,404.0,thunder bay source,thunder bay source,thunder bay source,2018,5,1,0,0.0,0.0,0.0
"['Thunder Bay', 'Unorganized']",2019-01-01,546.0,39903.0,39903.0,0.0,0.0,dougall media,43170.0,1.75,184.0,404.0,thunder bay source,thunder bay source,thunder bay source,2019,6,1,0,0.0,0.0,0.0
['Quinte West'],2013-01-01,561.0,13368.0,13368.0,0.0,1.0,sun media corporation,13399.0,0.85,118.0,294.0,trenton trentonian,trenton trentonian,trentonian,2013,0,0,1,0.0,0.0,1.0
['Quinte West'],2014-01-01,561.0,14100.0,14100.0,0.0,1.0,sun media corporation,13368.0,0.58,176.0,176.0,trenton trentonian,trenton trentonian,trentonian,2014,1,0,1,0.0,0.0,1.0
['Quinte West'],2015-01-01,561.0,14638.0,14638.0,0.0,1.0,sun media corporation,14119.0,0.58,176.0,176.0,trenton trentonian,trenton trentonian,trentonian,2015,2,0,1,0.0,0.0,1.0
['Quinte West'],2016-01-01,561.0,15114.0,15114.0,0.0,1.0,sun media corporation,14638.0,0.58,176.0,176.0,trenton trentonian,trenton trentonian,trentonian,2016,3,0,1,0.0,0.0,1.0
['Quinte West'],2017-01-01,561.0,15160.0,15160.0,0.0,1.0,postmedia network inc.,14992.0,0.58,176.0,176.0,trenton trentonian,trenton trentonian,trentonian,2017,4,0,1,0.0,0.0,1.0
['Quinte West'],2018-01-01,561.0,14835.0,14835.0,0.0,1.0,postmedia network inc.,15160.0,0.58,176.0,176.0,trenton trentonian,trenton trentonian,trentonian,2018,5,1,1,1.0,1.0,1.0
['Quinte West'],2019-01-01,561.0,14835.0,14835.0,0.0,1.0,postmedia network inc.,15160.0,0.58,176.0,176.0,trenton trentonian,trenton trentonian,trentonian,2019,6,1,1,1.0,1.0,1.0
['Six Nations'],2013-01-01,564.0,5000.0,5000.0,0.0,0.0,lynda powless,5000.0,1.59,182.0,776.0,ohsweken turtle island news,ohsweken turtle island news,turtle island news,2013,0,0,0,0.0,0.0,0.0
['Six Nations'],2014-01-01,564.0,8750.0,8750.0,0.0,0.0,lynda powless,5000.0,1.59,182.0,776.0,ohsweken turtle island news,ohsweken turtle island news,turtle island news,2014,1,0,0,0.0,0.0,0.0
['Six Nations'],2015-01-01,564.0,12500.0,12500.0,0.0,0.0,lynda powless,15000.0,1.59,182.0,776.0,ohsweken turtle island news,ohsweken turtle island news,turtle island news,2015,2,0,0,0.0,0.0,0.0
['Six Nations'],2016-01-01,564.0,16250.0,16250.0,0.0,0.0,lynda powless,15000.0,1.81,182.0,776.0,ohsweken turtle island news,ohsweken turtle island news,turtle island news,2016,3,0,0,0.0,0.0,0.0
['Six Nations'],2017-01-01,564.0,20000.0,20000.0,0.0,0.0,lynda powless,15000.0,1.81,182.0,776.0,ohsweken turtle island news,ohsweken turtle island news,turtle island news,2017,4,0,0,0.0,0.0,0.0
['Six Nations'],2018-01-01,564.0,5000.0,5000.0,0.0,0.0,turtle island news publications,15000.0,1.88,182.0,776.0,ohsweken turtle island news,ohsweken turtle island news,turtle island news,2018,5,1,0,0.0,0.0,0.0
['Six Nations'],2019-01-01,564.0,5000.0,5000.0,0.0,0.0,turtle island news publications,15000.0,1.88,182.0,776.0,ohsweken turtle island news,ohsweken turtle island news,turtle island news,2019,6,1,0,0.0,0.0,0.0
['Uxbridge'],2013-01-01,566.0,9015.0,9015.0,0.0,0.0,metroland media group ltd.,10086.0,1.56,335.0,1160.0,uxbridge timesjournal,uxbridge times journal,uxbridge timesjournal,2013,0,0,1,0.0,0.0,0.0
['Uxbridge'],2014-01-01,566.0,9507.0,9507.0,0.0,0.0,metroland media group ltd.,9027.0,1.7,1160.0,1160.0,uxbridge timesjournal,uxbridge times journal,uxbridge timesjournal,2014,1,0,1,0.0,0.0,0.0
['Uxbridge'],2015-01-01,566.0,8989.0,8989.0,0.0,0.0,metroland media group ltd.,9024.0,1.7,1160.0,1160.0,uxbridge timesjournal,uxbridge times journal,uxbridge timesjournal,2015,2,0,1,0.0,0.0,0.0
['Uxbridge'],2016-01-01,566.0,8958.0,8958.0,0.0,0.0,metroland media group ltd.,8999.0,1.7,1160.0,1160.0,uxbridge timesjournal,uxbridge times journal,uxbridge timesjournal,2016,3,0,1,0.0,0.0,0.0
['Uxbridge'],2017-01-01,566.0,8882.333333333334,8882.333333333334,0.0,0.0,metroland media group ltd.,8958.0,1.7,1160.0,1160.0,uxbridge timesjournal,uxbridge times journal,uxbridge timesjournal,2017,4,0,1,0.0,0.0,0.0
['Uxbridge'],2018-01-01,566.0,8806.666666666666,8806.666666666666,0.0,0.0,metroland media group ltd.,8855.0,1.7,1160.0,1160.0,uxbridge timesjournal,uxbridge times journal,uxbridge timesjournal,2018,5,1,1,0.0,0.0,0.0
['Uxbridge'],2019-01-01,566.0,8731.0,8731.0,0.0,0.0,metroland media group ltd.,8745.0,1.7,1160.0,1160.0,uxbridge timesjournal,uxbridge times journal,uxbridge timesjournal,2019,6,1,1,0.0,0.0,0.0
['Vaughan'],2013-01-01,568.0,51540.0,51540.0,0.0,0.0,metroland media group ltd.,50813.0,3.13,335.0,1160.0,vaughan citizen,vaughan citizen,vaughan citizen,2013,0,0,1,0.0,0.0,0.0
['Vaughan'],2014-01-01,568.0,56533.0,56533.0,0.0,0.0,metroland media group ltd.,51864.0,3.41,1160.0,1160.0,vaughan citizen,vaughan citizen,vaughan citizen,2014,1,0,1,0.0,0.0,0.0
['Vaughan'],2015-01-01,568.0,56991.0,56991.0,0.0,0.0,metroland media group ltd.,56533.0,3.41,1160.0,1160.0,vaughan citizen,vaughan citizen,vaughan citizen,2015,2,0,1,0.0,0.0,0.0
['Vaughan'],2016-01-01,568.0,57814.0,57814.0,0.0,0.0,metroland media group ltd.,56971.0,3.41,1160.0,1160.0,vaughan citizen,vaughan citizen,vaughan citizen,2016,3,0,1,0.0,0.0,0.0
['Vaughan'],2017-01-01,568.0,58002.66666666666,58002.66666666666,0.0,0.0,metroland media group ltd.,57814.0,3.41,1160.0,1160.0,vaughan citizen,vaughan citizen,vaughan citizen,2017,4,0,1,0.0,0.0,0.0
['Vaughan'],2018-01-01,568.0,58191.333333333336,58191.333333333336,0.0,0.0,metroland media group ltd.,57814.0,3.41,1160.0,1160.0,vaughan citizen,vaughan citizen,vaughan citizen,2018,5,1,1,0.0,0.0,0.0
['Vaughan'],2019-01-01,568.0,58380.0,58380.0,0.0,0.0,metroland media group ltd.,58413.0,3.41,1160.0,1160.0,vaughan citizen,vaughan citizen,vaughan citizen,2019,6,1,1,0.0,0.0,0.0
['Waterloo'],2016-01-01,574.0,29538.0,29538.0,0.0,0.0,metroland media group ltd.,30278.0,1.67,,1160.0,waterloo chronicle,waterloo chronicle,waterloo chronicle,2016,3,0,1,0.0,0.0,0.0
['Waterloo'],2017-01-01,574.0,30611.0,30611.0,0.0,0.0,metroland media group ltd.,29538.0,1.67,,1160.0,waterloo chronicle,waterloo chronicle,waterloo chronicle,2017,4,0,1,0.0,0.0,0.0
['Waterloo'],2018-01-01,574.0,30364.0,30364.0,0.0,0.0,metroland media group ltd.,30611.0,1.67,,1160.0,waterloo chronicle,waterloo chronicle,waterloo chronicle,2018,5,1,1,0.0,0.0,0.0
['Waterloo'],2019-01-01,574.0,30117.0,30117.0,0.0,0.0,metroland media group ltd.,30611.0,1.67,,1160.0,waterloo chronicle,waterloo chronicle,waterloo chronicle,2019,6,1,1,0.0,0.0,0.0
