index,ID,Year,FreeCirculation,TotalCirculation,PaidCirculation,Swap2017Affected,Owner,AdvCirc,NatlLineRate,SpotColour,ProcessColour,MarketAndNewspaper,AdvNewspaper,Newspaper,CSDs,Year_only
21,6.0,2013,22127.0,22127.0,0.0,0.0,metroland media group ltd.,22553.0,3.21,335.0,1160.0,alliston herald,alliston herald,alliston herald,['New Tecumseth'],2013
22,6.0,2014,22266.0,22266.0,0.0,0.0,metroland media group ltd.,22127.0,3.51,1160.0,1160.0,alliston herald,alliston herald,alliston herald,['New Tecumseth'],2014
23,6.0,2015,22403.0,22403.0,0.0,0.0,metroland media group ltd.,22266.0,3.51,1160.0,1160.0,alliston herald,alliston herald,alliston herald,['New Tecumseth'],2015
24,6.0,2016,22860.0,22860.0,0.0,0.0,metroland media group ltd.,22403.0,3.51,1160.0,1160.0,alliston herald,alliston herald,alliston herald,['New Tecumseth'],2016
25,6.0,2017,23199.0,23199.0,0.0,0.0,metroland media group ltd.,22860.0,3.51,1160.0,1160.0,alliston herald,alliston herald,alliston herald,['New Tecumseth'],2017
26,6.0,2018,23229.0,23229.0,0.0,0.0,metroland media group ltd.,23199.0,3.51,1160.0,1160.0,alliston herald,alliston herald,alliston herald,['New Tecumseth'],2018
27,6.0,2019,22879.0,22879.0,0.0,0.0,metroland media group ltd.,22890.0,3.51,1160.0,1160.0,alliston herald,alliston herald,alliston herald,['New Tecumseth'],2019
35,9.0,2013,12823.0,12823.0,0.0,0.0,metroland media group ltd.,12817.0,1.7,335.0,1160.0,ancaster news,ancaster news,ancaster news,['Hamilton'],2013
36,9.0,2014,12927.0,12927.0,0.0,0.0,metroland media group ltd.,12823.0,1.85,1160.0,1160.0,ancaster news,ancaster news,ancaster news,['Hamilton'],2014
37,9.0,2015,12725.0,12725.0,0.0,0.0,metroland media group ltd.,12927.0,1.85,1160.0,1160.0,ancaster news,ancaster news,ancaster news,['Hamilton'],2015
38,9.0,2016,12710.0,12710.0,0.0,0.0,metroland media group ltd.,12712.0,1.85,1160.0,1160.0,ancaster news,ancaster news,ancaster news,['Hamilton'],2016
39,9.0,2017,13041.0,13041.0,0.0,0.0,metroland media group ltd.,12710.0,1.85,1160.0,1160.0,ancaster news,ancaster news,ancaster news,['Hamilton'],2017
40,9.0,2018,13037.0,13037.0,0.0,0.0,metroland media group ltd.,13040.0,1.85,1160.0,1160.0,ancaster news,ancaster news,ancaster news,['Hamilton'],2018
41,9.0,2019,13111.0,13111.0,0.0,0.0,metroland media group ltd.,13075.0,1.85,1160.0,1160.0,ancaster news,ancaster news,ancaster news,['Hamilton'],2019
42,11.0,2013,7668.0,7668.0,0.0,1.0,metroland media group ltd.,7607.0,1.06,335.0,1160.0,arnprior chronicle guide,arnprior chronicle guide,arnprior chronicle guide,['Arnprior'],2013
43,11.0,2014,7892.0,7892.0,0.0,1.0,metroland media group ltd.,7668.0,0.74,1160.0,1160.0,arnprior chronicle guide,arnprior chronicle guide,arnprior chronicle guide,['Arnprior'],2014
44,11.0,2015,7941.0,7941.0,0.0,1.0,metroland media group ltd.,7873.0,0.87,1160.0,1160.0,arnprior chronicle guide,arnprior chronicle guide,arnprior chronicle guide,['Arnprior'],2015
45,11.0,2016,8332.0,8332.0,0.0,1.0,metroland media group ltd.,7941.0,0.87,1160.0,1160.0,arnprior chronicle guide,arnprior chronicle guide,arnprior chronicle guide,['Arnprior'],2016
46,11.0,2017,8114.0,8114.0,0.0,1.0,metroland media group ltd.,8332.0,0.87,1160.0,1160.0,arnprior chronicle guide,arnprior chronicle guide,arnprior chronicle guide,['Arnprior'],2017
47,11.0,2018,8019.0,8019.0,0.0,1.0,metroland media group ltd.,8114.0,0.87,1160.0,1160.0,arnprior chronicle guide,arnprior chronicle guide,arnprior chronicle guide,['Arnprior'],2018
48,11.0,2019,7085.0,7085.0,0.0,1.0,metroland media group ltd.,7380.0,0.87,1160.0,1160.0,arnprior chronicle guide,arnprior chronicle guide,arnprior chronicle guide,['Arnprior'],2019
77,21.0,2013,52243.0,52243.0,0.0,1.0,metroland media group ltd.,52243.0,3.41,335.0,1160.0,barrie advance,barrie advance,barrie advance,['Barrie'],2013
78,21.0,2014,52434.0,52434.0,0.0,1.0,metroland media group ltd.,52221.0,3.72,1160.0,1160.0,barrie advance,barrie advance,barrie advance,['Barrie'],2014
79,21.0,2015,52317.0,52317.0,0.0,1.0,metroland media group ltd.,52359.0,3.72,1160.0,1160.0,barrie advance,barrie advance,barrie advance,['Barrie'],2015
80,21.0,2016,52759.0,52759.0,0.0,1.0,metroland media group ltd.,52317.0,3.72,1160.0,1160.0,barrie advance,barrie advance,barrie advance,['Barrie'],2016
81,21.0,2017,52713.0,52713.0,0.0,1.0,metroland media group ltd.,52759.0,3.72,1160.0,1160.0,barrie advance,barrie advance,barrie advance,['Barrie'],2017
82,21.0,2018,52226.0,52226.0,0.0,1.0,metroland media group ltd.,52277.0,3.72,1160.0,1160.0,barrie advance,barrie advance,barrie advance,['Barrie'],2018
83,21.0,2019,51125.0,51125.0,0.0,1.0,metroland media group ltd.,51148.0,3.72,1160.0,1160.0,barrie advance,barrie advance,barrie advance,['Barrie'],2019
109,41.0,2013,17967.0,17967.0,0.0,1.0,metroland media group ltd.,9050.0,1.37,335.0,1160.0,bradford west gwillimbury topic,bradford west gwillimbury topic,bradford west gwillimbury topic,['Bradford West Gwillimbury'],2013
110,41.0,2014,10083.0,10083.0,0.0,1.0,metroland media group ltd.,9507.0,1.5,1160.0,1160.0,bradford west gwillimbury topic,bradford west gwillimbury topic,bradford west gwillimbury topic,['Bradford West Gwillimbury'],2014
111,41.0,2015,10151.0,10151.0,0.0,1.0,metroland media group ltd.,10330.0,1.5,1160.0,1160.0,bradford west gwillimbury topic,bradford west gwillimbury topic,bradford west gwillimbury topic,['Bradford West Gwillimbury'],2015
112,41.0,2016,10538.0,10538.0,0.0,1.0,metroland media group ltd.,10224.0,1.5,1160.0,1160.0,bradford west gwillimbury topic,bradford west gwillimbury topic,bradford west gwillimbury topic,['Bradford West Gwillimbury'],2016
113,41.0,2017,10504.0,10504.0,0.0,1.0,metroland media group ltd.,10538.0,1.5,1160.0,1160.0,bradford west gwillimbury topic,bradford west gwillimbury topic,bradford west gwillimbury topic,['Bradford West Gwillimbury'],2017
114,41.0,2018,10470.0,10470.0,0.0,1.0,metroland media group ltd.,10538.0,1.5,1160.0,1160.0,bradford west gwillimbury topic,bradford west gwillimbury topic,bradford west gwillimbury topic,['Bradford West Gwillimbury'],2018
115,41.0,2019,10436.0,10436.0,0.0,1.0,metroland media group ltd.,10434.0,1.5,1160.0,1160.0,bradford west gwillimbury topic,bradford west gwillimbury topic,bradford west gwillimbury topic,['Bradford West Gwillimbury'],2019
137,55.0,2013,17008.0,17008.0,0.0,0.0,metroland media group ltd.,16892.0,1.83,335.0,1160.0,caledon enterprise,caledon enterprise,caledon enterprise,['Caledon'],2013
138,55.0,2014,17194.0,17194.0,0.0,0.0,metroland media group ltd.,17140.0,2.0,1160.0,1160.0,caledon enterprise,caledon enterprise,caledon enterprise,['Caledon'],2014
139,55.0,2015,18629.0,18629.0,0.0,0.0,metroland media group ltd.,17089.0,2.06,1160.0,1160.0,caledon enterprise,caledon enterprise,caledon enterprise,['Caledon'],2015
140,55.0,2016,18657.0,18657.0,0.0,0.0,metroland media group ltd.,17951.0,2.06,1160.0,1160.0,caledon enterprise,caledon enterprise,caledon enterprise,['Caledon'],2016
141,55.0,2017,18360.0,18360.0,0.0,0.0,metroland media group ltd.,18657.0,2.06,1160.0,1160.0,caledon enterprise,caledon enterprise,caledon enterprise,['Caledon'],2017
142,55.0,2018,19199.0,19199.0,0.0,0.0,metroland media group ltd.,18437.0,2.06,1160.0,1160.0,caledon enterprise,caledon enterprise,caledon enterprise,['Caledon'],2018
143,55.0,2019,19290.0,19290.0,0.0,0.0,metroland media group ltd.,19199.0,2.06,1160.0,1160.0,caledon enterprise,caledon enterprise,caledon enterprise,['Caledon'],2019
144,58.0,2013,48113.0,48113.0,0.0,0.0,metroland media group ltd.,48159.0,1.84,335.0,1160.0,cambridge times,cambridge times,cambridge times,['Cambridge'],2013
145,58.0,2014,48367.0,48367.0,0.0,0.0,metroland media group ltd.,48113.0,2.22,1160.0,1160.0,cambridge times,cambridge times,cambridge times,['Cambridge'],2014
146,58.0,2015,48168.0,48168.0,0.0,0.0,metroland media group ltd.,48224.0,2.22,1160.0,1160.0,cambridge times,cambridge times,cambridge times,['Cambridge'],2015
147,58.0,2016,46877.0,46877.0,0.0,0.0,metroland media group ltd.,48168.0,2.22,1160.0,1160.0,cambridge times,cambridge times,cambridge times,['Cambridge'],2016
148,58.0,2017,46295.0,46295.0,0.0,0.0,metroland media group ltd.,46877.0,2.22,1160.0,1160.0,cambridge times,cambridge times,cambridge times,['Cambridge'],2017
149,58.0,2018,45733.0,45733.0,0.0,0.0,metroland media group ltd.,46295.0,2.22,1160.0,1160.0,cambridge times,cambridge times,cambridge times,['Cambridge'],2018
150,58.0,2019,44949.0,44949.0,0.0,0.0,metroland media group ltd.,46295.0,2.22,1160.0,1160.0,cambridge times,cambridge times,cambridge times,['Cambridge'],2019
151,59.0,2013,43185.0,43185.0,0.0,0.0,metroland media group ltd.,43045.0,1.84,335.0,1160.0,cambridge times,cambridge times,cambridge times,['Cambridge'],2013
152,59.0,2014,43389.0,43389.0,0.0,0.0,metroland media group ltd.,43185.0,2.01,1160.0,1160.0,cambridge times,cambridge times,cambridge times,['Cambridge'],2014
153,59.0,2015,42956.0,42956.0,0.0,0.0,metroland media group ltd.,43067.0,2.01,1160.0,1160.0,cambridge times,cambridge times,cambridge times,['Cambridge'],2015
154,59.0,2016,41666.0,41666.0,0.0,0.0,metroland media group ltd.,42956.0,2.01,1160.0,1160.0,cambridge times,cambridge times,cambridge times,['Cambridge'],2016
155,59.0,2017,41054.0,41054.0,0.0,0.0,metroland media group ltd.,41666.0,2.01,1160.0,1160.0,cambridge times,cambridge times,cambridge times,['Cambridge'],2017
156,59.0,2018,40898.0,40898.0,0.0,0.0,metroland media group ltd.,41054.0,2.01,1160.0,1160.0,cambridge times,cambridge times,cambridge times,['Cambridge'],2018
157,59.0,2019,40511.0,40511.0,0.0,0.0,metroland media group ltd.,41054.0,2.01,1160.0,1160.0,cambridge times,cambridge times,cambridge times,['Cambridge'],2019
165,65.0,2013,12812.0,12812.0,0.0,0.0,metroland media group ltd.,12509.0,0.87,335.0,1160.0,carleton placealmonte canadian gazette,carleton place almonte canadian gazette,carleton placealmonte canadian gazette,"['Mississippi Mills', 'Carleton Place']",2013
166,65.0,2014,12814.0,12814.0,0.0,0.0,metroland media group ltd.,12812.0,0.61,1160.0,1160.0,carleton placealmonte canadian gazette,carleton place almonte canadian gazette,carleton placealmonte canadian gazette,"['Mississippi Mills', 'Carleton Place']",2014
167,65.0,2015,13376.0,13376.0,0.0,0.0,metroland media group ltd.,13125.0,0.71,1160.0,1160.0,carleton placealmonte canadian gazette,carleton place almonte canadian gazette,carleton placealmonte canadian gazette,"['Mississippi Mills', 'Carleton Place']",2015
168,65.0,2016,12246.0,12246.0,0.0,0.0,metroland media group ltd.,13376.0,0.71,1160.0,1160.0,carleton placealmonte canadian gazette,carleton place almonte canadian gazette,carleton placealmonte canadian gazette,"['Mississippi Mills', 'Carleton Place']",2016
169,65.0,2017,11690.0,11690.0,0.0,0.0,metroland media group ltd.,12246.0,0.71,1160.0,1160.0,carleton placealmonte canadian gazette,carleton place almonte canadian gazette,carleton placealmonte canadian gazette,"['Mississippi Mills', 'Carleton Place']",2017
170,65.0,2018,11615.0,11615.0,0.0,0.0,metroland media group ltd.,11690.0,0.71,1160.0,1160.0,carleton placealmonte canadian gazette,carleton place almonte canadian gazette,carleton placealmonte canadian gazette,"['Mississippi Mills', 'Carleton Place']",2018
171,65.0,2019,11326.0,11326.0,0.0,0.0,metroland media group ltd.,11547.0,0.71,1160.0,1160.0,carleton placealmonte canadian gazette,carleton place almonte canadian gazette,carleton placealmonte canadian gazette,"['Mississippi Mills', 'Carleton Place']",2019
207,85.0,2013,18117.0,18117.0,0.0,0.0,metroland media group ltd.,18105.0,1.7,335.0,1160.0,dundas star news,dundas star news,dundas star news,['Hamilton'],2013
208,85.0,2014,15746.0,15746.0,0.0,0.0,metroland media group ltd.,18117.0,1.85,1160.0,1160.0,dundas star news,dundas star news,dundas star news,['Hamilton'],2014
209,85.0,2015,15456.0,15456.0,0.0,0.0,metroland media group ltd.,15745.0,1.85,1160.0,1160.0,dundas star news,dundas star news,dundas star news,['Hamilton'],2015
210,85.0,2016,15413.0,15413.0,0.0,0.0,metroland media group ltd.,15415.0,1.85,1160.0,1160.0,dundas star news,dundas star news,dundas star news,['Hamilton'],2016
211,85.0,2017,15071.0,15071.0,0.0,0.0,metroland media group ltd.,15413.0,1.85,1160.0,1160.0,dundas star news,dundas star news,dundas star news,['Hamilton'],2017
212,85.0,2018,15061.0,15061.0,0.0,0.0,metroland media group ltd.,15067.0,1.85,1160.0,1160.0,dundas star news,dundas star news,dundas star news,['Hamilton'],2018
213,85.0,2019,13990.0,13990.0,0.0,0.0,metroland media group ltd.,14638.0,1.85,1160.0,1160.0,dundas star news,dundas star news,dundas star news,['Hamilton'],2019
214,86.0,2015,7326.0,7326.0,0.0,0.0,metroland media group ltd.,7550.0,0.54,1160.0,1160.0,east gwillimbury express,east gwillimbury express,east gwillimbury express,['East Gwillimbury'],2015
215,86.0,2016,7276.0,7276.0,0.0,0.0,metroland media group ltd.,7443.0,0.54,1160.0,1160.0,east gwillimbury express,east gwillimbury express,east gwillimbury express,['East Gwillimbury'],2016
216,86.0,2017,7260.333333333333,7260.333333333333,0.0,0.0,metroland media group ltd.,7276.0,0.54,1160.0,1160.0,east gwillimbury express,east gwillimbury express,east gwillimbury express,['East Gwillimbury'],2017
217,86.0,2018,7244.666666666667,7244.666666666667,0.0,0.0,metroland media group ltd.,7276.0,0.54,1160.0,1160.0,east gwillimbury express,east gwillimbury express,east gwillimbury express,['East Gwillimbury'],2018
218,86.0,2019,7229.0,7229.0,0.0,0.0,metroland media group ltd.,7259.0,0.54,1160.0,1160.0,east gwillimbury express,east gwillimbury express,east gwillimbury express,['East Gwillimbury'],2019
219,87.0,2013,34923.0,34923.0,0.0,0.0,metroland media group ltd.,55569.0,5.49,335.0,1160.0,east york mirror,east york riverdale beach mirror,east york mirror,['Toronto'],2013
220,87.0,2014,34705.0,34705.0,0.0,0.0,metroland media group ltd.,56393.0,6.0,1160.0,1160.0,east york mirror,east york riverdale beach mirror,east york mirror,['Toronto'],2014
221,87.0,2015,36764.0,36764.0,0.0,0.0,metroland media group ltd.,56734.0,6.0,1160.0,1160.0,east york mirror,east york riverdale beach mirror,east york mirror,['Toronto'],2015
222,87.0,2016,35300.0,35300.0,0.0,0.0,metroland media group ltd.,58355.0,6.0,1160.0,1160.0,east york mirror,east york riverdale beach mirror,east york mirror,['Toronto'],2016
223,87.0,2017,41067.0,41067.0,0.0,0.0,metroland media group ltd.,57549.0,6.0,1160.0,1160.0,east york mirror,east york riverdale beach mirror,east york mirror,['Toronto'],2017
224,87.0,2018,46834.0,46834.0,0.0,0.0,metroland media group ltd.,57123.0,6.18,1160.0,1160.0,east york mirror,east york riverdale beach mirror,east york mirror,['Toronto'],2018
248,104.0,2013,69376.0,69376.0,0.0,0.0,metroland media group ltd.,69433.0,6.08,335.0,1160.0,etobicoke guardian,etobicoke guardian,etobicoke guardian,['Toronto'],2013
249,104.0,2014,68897.0,68897.0,0.0,0.0,metroland media group ltd.,69333.0,6.64,1160.0,1160.0,etobicoke guardian,etobicoke guardian,etobicoke guardian,['Toronto'],2014
250,104.0,2015,73755.0,73755.0,0.0,0.0,metroland media group ltd.,70109.0,6.64,1160.0,1160.0,etobicoke guardian,etobicoke guardian,etobicoke guardian,['Toronto'],2015
251,104.0,2016,70703.0,70703.0,0.0,0.0,metroland media group ltd.,71507.0,6.64,1160.0,1160.0,etobicoke guardian,etobicoke guardian,etobicoke guardian,['Toronto'],2016
252,104.0,2017,69686.66666666667,69686.66666666667,0.0,0.0,metroland media group ltd.,70703.0,6.64,1160.0,1160.0,etobicoke guardian,etobicoke guardian,etobicoke guardian,['Toronto'],2017
253,104.0,2018,68670.33333333333,68670.33333333333,0.0,0.0,metroland media group ltd.,68437.0,6.84,1160.0,1160.0,etobicoke guardian,etobicoke guardian,etobicoke guardian,['Toronto'],2018
254,104.0,2019,67654.0,67654.0,0.0,0.0,metroland media group ltd.,67721.0,6.84,1160.0,1160.0,etobicoke guardian,etobicoke guardian,etobicoke guardian,['Toronto'],2019
279,141.0,2013,17095.0,17095.0,0.0,0.0,metroland media group ltd.,17008.0,1.92,335.0,1160.0,keswick georgina advocate,georgina advocate,georgina advocate,['Georgina'],2013
280,141.0,2014,17530.0,17530.0,0.0,0.0,metroland media group ltd.,17139.0,2.1,1160.0,1160.0,keswick georgina advocate,georgina advocate,georgina advocate,['Georgina'],2014
281,141.0,2015,17360.0,17360.0,0.0,0.0,metroland media group ltd.,17530.0,2.1,1160.0,1160.0,keswick georgina advocate,georgina advocate,georgina advocate,['Georgina'],2015
282,141.0,2016,17190.0,17190.0,0.0,0.0,metroland media group ltd.,17539.0,2.1,1160.0,1160.0,keswick georgina advocate,georgina advocate,georgina advocate,['Georgina'],2016
283,141.0,2017,17151.666666666668,17151.666666666668,0.0,0.0,metroland media group ltd.,17190.0,2.1,1160.0,1160.0,keswick georgina advocate,georgina advocate,georgina advocate,['Georgina'],2017
284,141.0,2018,17113.333333333332,17113.333333333332,0.0,0.0,metroland media group ltd.,17190.0,2.1,1160.0,1160.0,keswick georgina advocate,georgina advocate,georgina advocate,['Georgina'],2018
285,141.0,2019,17075.0,17075.0,0.0,0.0,metroland media group ltd.,16877.0,2.1,1160.0,1160.0,keswick georgina advocate,georgina advocate,georgina advocate,['Georgina'],2019
299,152.0,2014,44735.0,44735.0,0.0,0.0,metroland media group ltd.,44263.0,2.22,1160.0,1160.0,guelph mercury tribune,guelph mercury tribune,guelph mercury tribune,['Guelph'],2014
300,152.0,2015,44048.0,44048.0,0.0,0.0,metroland media group ltd.,44326.0,2.22,1160.0,1160.0,guelph mercury tribune,guelph mercury tribune,guelph mercury tribune,['Guelph'],2015
301,152.0,2016,44637.0,44637.0,0.0,0.0,metroland media group ltd.,43993.0,2.22,1160.0,1160.0,guelph mercury tribune,guelph mercury tribune,guelph mercury tribune,['Guelph'],2016
302,152.0,2017,43727.0,43727.0,0.0,0.0,metroland media group ltd.,43993.0,2.22,1160.0,1160.0,guelph mercury tribune,guelph mercury tribune,guelph mercury tribune,['Guelph'],2017
303,152.0,2018,43457.0,43457.0,0.0,0.0,metroland media group ltd.,43515.0,2.22,1160.0,1160.0,guelph mercury tribune,guelph mercury tribune,guelph mercury tribune,['Guelph'],2018
304,152.0,2019,42737.0,42737.0,0.0,0.0,metroland media group ltd.,43257.0,2.22,1160.0,1160.0,guelph mercury tribune,guelph mercury tribune,guelph mercury tribune,['Guelph'],2019
305,153.0,2013,39475.0,39475.0,0.0,0.0,metroland media group ltd.,39098.0,1.84,335.0,1160.0,guelph mercury tribune,guelph mercury tribune,guelph mercury tribune,['Guelph'],2013
306,153.0,2014,40177.0,40177.0,0.0,0.0,metroland media group ltd.,39475.0,2.01,1160.0,1160.0,guelph mercury tribune,guelph mercury tribune,guelph mercury tribune,['Guelph'],2014
307,153.0,2015,39134.0,39134.0,0.0,0.0,metroland media group ltd.,39150.0,2.01,1160.0,1160.0,guelph mercury tribune,guelph mercury tribune,guelph mercury tribune,['Guelph'],2015
308,153.0,2016,39312.0,39312.0,0.0,0.0,metroland media group ltd.,39091.0,2.01,1160.0,1160.0,guelph mercury tribune,guelph mercury tribune,guelph mercury tribune,['Guelph'],2016
309,153.0,2017,38918.0,38918.0,0.0,0.0,metroland media group ltd.,39091.0,2.01,1160.0,1160.0,guelph mercury tribune,guelph mercury tribune,guelph mercury tribune,['Guelph'],2017
310,153.0,2018,38716.0,38716.0,0.0,0.0,metroland media group ltd.,38751.0,2.01,1160.0,1160.0,guelph mercury tribune,guelph mercury tribune,guelph mercury tribune,['Guelph'],2018
311,153.0,2019,38508.0,38508.0,0.0,0.0,metroland media group ltd.,38508.0,2.01,1160.0,1160.0,guelph mercury tribune,guelph mercury tribune,guelph mercury tribune,['Guelph'],2019
321,173.0,2013,7312.0,7312.0,0.0,0.0,the haliburton highlander limited,7312.0,0.95,88.0,88.0,haliburton highlander,haliburton highlander,highlander,['Dysart et al'],2013
322,173.0,2014,7430.0,7430.0,0.0,0.0,maple key media,6727.0,1.61,104.0,104.0,haliburton highlander,haliburton highlander,highlander,['Dysart et al'],2014
323,173.0,2015,8104.0,8104.0,0.0,0.0,maple key media,7430.0,1.61,104.0,104.0,haliburton highlander,haliburton highlander,highlander,['Dysart et al'],2015
324,173.0,2016,8389.0,8389.0,0.0,0.0,maple key media,8104.0,1.61,104.0,104.0,haliburton highlander,haliburton highlander,highlander,['Dysart et al'],2016
325,173.0,2017,8062.0,8062.0,0.0,0.0,the highlander newspaper limited,7313.0,1.61,104.0,104.0,haliburton highlander,haliburton highlander,highlander,['Dysart et al'],2017
326,173.0,2018,8798.0,8798.0,0.0,0.0,the highlander newspaper limited,8722.0,1.61,104.0,104.0,haliburton highlander,haliburton highlander,highlander,['Dysart et al'],2018
327,173.0,2019,8798.0,8798.0,0.0,0.0,the highlander newspaper limited,8798.0,1.61,104.0,104.0,haliburton highlander,haliburton highlander,highlander,['Dysart et al'],2019
353,203.0,2013,10726.0,10726.0,0.0,1.0,metroland media group ltd.,10726.0,1.37,335.0,1160.0,innisfil journal,innisfil journal,innisfil journal,['Innisfil'],2013
354,203.0,2014,10891.0,10891.0,0.0,1.0,metroland media group ltd.,10785.0,1.5,1160.0,1160.0,innisfil journal,innisfil journal,innisfil journal,['Innisfil'],2014
355,203.0,2015,11376.0,11376.0,0.0,1.0,metroland media group ltd.,10998.0,1.5,1160.0,1160.0,innisfil journal,innisfil journal,innisfil journal,['Innisfil'],2015
356,203.0,2016,11661.0,11661.0,0.0,1.0,metroland media group ltd.,11376.0,1.5,1160.0,1160.0,innisfil journal,innisfil journal,innisfil journal,['Innisfil'],2016
357,203.0,2017,11848.0,11848.0,0.0,1.0,metroland media group ltd.,11661.0,1.5,1160.0,1160.0,innisfil journal,innisfil journal,innisfil journal,['Innisfil'],2017
358,203.0,2018,11885.0,11885.0,0.0,1.0,metroland media group ltd.,11848.0,1.5,1160.0,1160.0,innisfil journal,innisfil journal,innisfil journal,['Innisfil'],2018
359,203.0,2019,11866.0,11866.0,0.0,1.0,metroland media group ltd.,11849.0,1.5,1160.0,1160.0,innisfil journal,innisfil journal,innisfil journal,['Innisfil'],2019
360,211.0,2013,9467.0,9467.0,0.0,0.0,metroland media group ltd.,10391.0,0.8,335.0,1160.0,kemptville advance,kemptville advance,kemptville advance,['North Grenville'],2013
361,211.0,2014,10616.0,10616.0,0.0,0.0,metroland media group ltd.,9467.0,0.56,1160.0,1160.0,kemptville advance,kemptville advance,kemptville advance,['North Grenville'],2014
362,211.0,2015,10471.0,10471.0,0.0,0.0,metroland media group ltd.,10454.0,0.66,1160.0,1160.0,kemptville advance,kemptville advance,kemptville advance,['North Grenville'],2015
363,211.0,2016,10640.0,10640.0,0.0,0.0,metroland media group ltd.,10471.0,0.66,1160.0,1160.0,kemptville advance,kemptville advance,kemptville advance,['North Grenville'],2016
364,211.0,2017,10676.0,10676.0,0.0,0.0,metroland media group ltd.,10640.0,0.66,1160.0,1160.0,kemptville advance,kemptville advance,kemptville advance,['North Grenville'],2017
365,211.0,2018,10681.0,10681.0,0.0,0.0,metroland media group ltd.,10676.0,0.66,1160.0,1160.0,kemptville advance,kemptville advance,kemptville advance,['North Grenville'],2018
366,211.0,2019,10742.0,10742.0,0.0,0.0,metroland media group ltd.,10710.0,0.66,1160.0,1160.0,kemptville advance,kemptville advance,kemptville advance,['North Grenville'],2019
367,213.0,2013,7342.0,7342.0,0.0,0.0,metroland media group ltd.,7342.0,0.63,335.0,1160.0,king connection,king connection,king connection,['Aurora'],2013
368,213.0,2014,6688.0,6688.0,0.0,0.0,metroland media group ltd.,5877.0,0.71,1160.0,1160.0,king connection,king connection,king connection,['King'],2014
369,213.0,2015,7623.0,7623.0,0.0,0.0,metroland media group ltd.,7515.0,0.71,1160.0,1160.0,king connection,king connection,king connection,['King'],2015
370,213.0,2016,6091.0,6091.0,0.0,0.0,metroland media group ltd.,7590.0,0.71,1160.0,1160.0,king connection,king connection,king connection,['King'],2016
371,213.0,2017,5733.666666666667,5733.666666666667,0.0,0.0,metroland media group ltd.,6091.0,0.71,1160.0,1160.0,king connection,king connection,king connection,['King'],2017
372,213.0,2018,5376.333333333333,5376.333333333333,0.0,0.0,metroland media group ltd.,6091.0,0.71,1160.0,1160.0,king connection,king connection,king connection,['King'],2018
373,213.0,2019,5019.0,5019.0,0.0,0.0,metroland media group ltd.,5192.0,0.71,1160.0,1160.0,king connection,king connection,king connection,['King'],2019
396,227.0,2013,11219.0,11219.0,0.0,0.0,postmedia network inc.,11174.0,1.04,129.0,388.0,lasalle post,lasalle post,lasalle post,['LaSalle'],2013
397,227.0,2014,10936.0,10936.0,0.0,0.0,postmedia network inc.,11219.0,1.04,129.0,388.0,lasalle post,lasalle post,lasalle post,['LaSalle'],2014
398,227.0,2015,10653.0,10653.0,0.0,0.0,postmedia network inc.,11219.0,1.08,136.0,408.0,lasalle post,lasalle post,lasalle post,['LaSalle'],2015
399,227.0,2016,10370.0,10370.0,0.0,0.0,postmedia network inc.,11219.0,1.08,136.0,408.0,lasalle post,lasalle post,lasalle post,['LaSalle'],2016
400,227.0,2017,10087.0,10087.0,0.0,0.0,postmedia network inc.,11219.0,1.14,136.0,428.0,lasalle post,lasalle post,lasalle post,['LaSalle'],2017
401,227.0,2018,9804.0,9804.0,0.0,0.0,postmedia network inc.,11219.0,1.25,136.0,428.0,lasalle post,lasalle post,lasalle post,['LaSalle'],2018
402,227.0,2019,9804.0,9804.0,0.0,0.0,postmedia network inc.,11219.0,1.25,136.0,428.0,lasalle post,lasalle post,lasalle post,['LaSalle'],2019
445,256.0,2015,197792.0,197792.0,0.0,0.0,metroland media group ltd.,125582.0,9.64,1160.0,1160.0,mississauga news,mississauga news,mississauga news,['Mississauga'],2015
446,256.0,2016,197547.0,197547.0,0.0,0.0,metroland media group ltd.,125582.0,9.64,1160.0,1160.0,mississauga news,mississauga news,mississauga news,['Mississauga'],2016
447,256.0,2017,187392.33333333334,187392.33333333334,0.0,0.0,metroland media group ltd.,165000.0,9.64,1160.0,1160.0,mississauga news,mississauga news,mississauga news,['Mississauga'],2017
448,256.0,2018,177237.66666666666,177237.66666666666,0.0,0.0,metroland media group ltd.,165000.0,9.64,1160.0,1160.0,mississauga news,mississauga news,mississauga news,['Mississauga'],2018
449,256.0,2019,167083.0,167083.0,0.0,0.0,metroland media group ltd.,167250.0,9.64,1160.0,1160.0,mississauga news,mississauga news,mississauga news,['Mississauga'],2019
450,261.0,2013,50300.0,50300.0,0.0,0.0,metroland media group ltd.,50291.0,2.8,335.0,1160.0,hamilton mountain news,hamilton mountain news,mountain news,['Hamilton'],2013
451,261.0,2014,50556.0,50556.0,0.0,0.0,metroland media group ltd.,50300.0,3.06,1160.0,1160.0,hamilton mountain news,hamilton mountain news,mountain news,['Hamilton'],2014
452,261.0,2015,50017.0,50017.0,0.0,0.0,metroland media group ltd.,50557.0,3.06,1160.0,1160.0,hamilton mountain news,hamilton mountain news,mountain news,['Hamilton'],2015
453,261.0,2016,50062.0,50062.0,0.0,0.0,metroland media group ltd.,50057.0,3.06,1160.0,1160.0,hamilton mountain news,hamilton mountain news,mountain news,['Hamilton'],2016
454,261.0,2017,49983.0,49983.0,0.0,0.0,metroland media group ltd.,50062.0,3.06,1160.0,1160.0,hamilton mountain news,hamilton mountain news,mountain news,['Hamilton'],2017
455,261.0,2018,49988.0,49988.0,0.0,0.0,metroland media group ltd.,49984.0,3.06,1160.0,1160.0,hamilton mountain news,hamilton mountain news,mountain news,['Hamilton'],2018
456,261.0,2019,48752.0,48752.0,0.0,0.0,metroland media group ltd.,49497.0,3.06,1160.0,1160.0,hamilton mountain news,hamilton mountain news,mountain news,['Hamilton'],2019
457,265.0,2015,25850.0,25850.0,0.0,0.0,metroland media group ltd.,27187.0,2.97,1160.0,1160.0,muskoka muskokaregion.com,muskoka muskokaregion.com,muskokaregion.com,['Bracebridge'],2015
458,265.0,2016,26108.0,26108.0,0.0,0.0,metroland media group ltd.,25850.0,2.97,1160.0,1160.0,muskoka muskokaregion.com,muskoka muskokaregion.com,muskokaregion.com,['Bracebridge'],2016
459,265.0,2017,25991.0,25991.0,0.0,0.0,metroland media group ltd.,25850.0,2.97,1160.0,1160.0,muskoka muskokaregion.com,muskoka muskokaregion.com,muskokaregion.com,['Bracebridge'],2017
460,265.0,2018,25398.0,25398.0,0.0,0.0,metroland media group ltd.,25991.0,2.97,1160.0,1160.0,muskoka muskokaregion.com,muskoka muskokaregion.com,muskokaregion.com,['Bracebridge'],2018
461,265.0,2019,25494.0,25494.0,0.0,0.0,metroland media group ltd.,25494.0,2.97,1160.0,1160.0,muskoka muskokaregion.com,muskoka muskokaregion.com,muskokaregion.com,['Bracebridge'],2019
462,266.0,2013,15531.0,15531.0,0.0,0.0,napanee beaver ltd.,15503.0,0.8,71.0,106.0,napanee beaver,napanee beaver,napanee beaver,['Greater Napanee'],2013
463,266.0,2014,15785.0,15785.0,0.0,0.0,napanee beaver ltd.,15531.0,0.8,71.0,106.0,napanee beaver,napanee beaver,napanee beaver,['Greater Napanee'],2014
464,266.0,2015,15752.0,15752.0,0.0,0.0,napanee beaver ltd.,15785.0,0.8,71.0,106.0,napanee beaver,napanee beaver,napanee beaver,['Greater Napanee'],2015
465,266.0,2016,15749.0,15749.0,0.0,0.0,napanee beaver ltd.,15752.0,0.91,71.0,106.0,napanee beaver,napanee beaver,napanee beaver,['Greater Napanee'],2016
466,266.0,2017,15746.0,15746.0,0.0,0.0,napanee beaver ltd.,15752.0,0.91,71.0,106.0,napanee beaver,napanee beaver,napanee beaver,['Greater Napanee'],2017
467,266.0,2018,15786.0,15786.0,0.0,0.0,napanee beaver ltd.,15746.0,0.91,71.0,106.0,napanee beaver,napanee beaver,napanee beaver,['Greater Napanee'],2018
468,266.0,2019,15914.0,15914.0,0.0,0.0,napanee beaver ltd.,15786.0,0.91,71.0,106.0,napanee beaver,napanee beaver,napanee beaver,['Greater Napanee'],2019
469,267.0,2013,14980.0,14980.0,0.0,0.0,sun media corporation,14965.0,0.77,194.0,429.0,napanee guide,napanee guide,napanee guide,"['Brudenell', 'Lyndoch and Raglan', 'Stone Mills', 'Greater Napanee']",2013
470,267.0,2014,14948.0,14948.0,0.0,0.0,sun media corporation,14980.0,0.78,194.0,429.0,napanee guide,napanee guide,napanee guide,"['Brudenell', 'Lyndoch and Raglan', 'Stone Mills', 'Greater Napanee']",2014
471,267.0,2015,14833.0,14833.0,0.0,0.0,sun media corporation,14948.0,0.78,194.0,429.0,napanee guide,napanee guide,napanee guide,"['Brudenell', 'Lyndoch and Raglan', 'Stone Mills', 'Greater Napanee']",2015
472,267.0,2016,14939.0,14939.0,0.0,0.0,sun media corporation,14833.0,0.78,194.0,429.0,napanee guide,napanee guide,napanee guide,"['Brudenell', 'Lyndoch and Raglan', 'Stone Mills', 'Greater Napanee']",2016
473,267.0,2017,15022.0,15022.0,0.0,0.0,postmedia network inc.,14939.0,0.78,194.0,429.0,napanee guide,napanee guide,napanee guide,"['Brudenell', 'Lyndoch and Raglan', 'Stone Mills', 'Greater Napanee']",2017
474,267.0,2018,14992.0,14992.0,0.0,0.0,postmedia network inc.,15022.0,0.78,194.0,429.0,napanee guide,napanee guide,napanee guide,['Greater Napanee'],2018
475,267.0,2019,14992.0,14992.0,0.0,0.0,postmedia network inc.,15022.0,0.78,194.0,429.0,napanee guide,napanee guide,napanee guide,['Greater Napanee'],2019
487,287.0,2013,53802.0,53802.0,0.0,0.0,metroland media group ltd.,52714.0,4.52,335.0,1160.0,ajax pickering news advertiser,ajax pickering news advertiser,news advertiser,"['Pickering', 'Ajax']",2013
488,287.0,2014,54382.0,54382.0,0.0,0.0,metroland media group ltd.,53596.0,4.94,1160.0,1160.0,ajax pickering news advertiser,ajax pickering news advertiser,news advertiser,"['Pickering', 'Ajax']",2014
489,287.0,2015,53818.0,53818.0,0.0,0.0,metroland media group ltd.,53619.0,4.94,1160.0,1160.0,ajax pickering news advertiser,ajax pickering news advertiser,news advertiser,"['Pickering', 'Ajax']",2015
490,287.0,2016,52833.0,52833.0,0.0,0.0,metroland media group ltd.,53950.0,4.94,1160.0,1160.0,ajax pickering news advertiser,ajax pickering news advertiser,news advertiser,"['Pickering', 'Ajax']",2016
491,287.0,2017,52863.666666666664,52863.666666666664,0.0,0.0,metroland media group ltd.,52833.0,4.94,1160.0,1160.0,ajax pickering news advertiser,ajax pickering news advertiser,news advertiser,"['Pickering', 'Ajax']",2017
492,287.0,2018,52894.333333333336,52894.333333333336,0.0,0.0,metroland media group ltd.,52624.0,4.94,1160.0,1160.0,ajax pickering news advertiser,ajax pickering news advertiser,news advertiser,"['Pickering', 'Ajax']",2018
493,287.0,2019,52925.0,52925.0,0.0,0.0,metroland media group ltd.,53176.0,4.94,1160.0,1160.0,ajax pickering news advertiser,ajax pickering news advertiser,news advertiser,"['Pickering', 'Ajax']",2019
494,288.0,2013,53802.0,53802.0,0.0,0.0,metroland media group ltd.,52732.0,4.52,335.0,1160.0,ajax pickering news advertiser,ajax pickering news advertiser,news advertiser,"['Pickering', 'Ajax']",2013
495,288.0,2014,54394.0,54394.0,0.0,0.0,metroland media group ltd.,53584.0,4.94,1160.0,1160.0,ajax pickering news advertiser,ajax pickering news advertiser,news advertiser,"['Pickering', 'Ajax']",2014
496,288.0,2015,53813.0,53813.0,0.0,0.0,metroland media group ltd.,53619.0,4.94,1160.0,1160.0,ajax pickering news advertiser,ajax pickering news advertiser,news advertiser,"['Pickering', 'Ajax']",2015
497,288.0,2016,52855.0,52855.0,0.0,0.0,metroland media group ltd.,53965.0,4.94,1160.0,1160.0,ajax pickering news advertiser,ajax pickering news advertiser,news advertiser,"['Pickering', 'Ajax']",2016
498,288.0,2017,52609.333333333336,52609.333333333336,0.0,0.0,metroland media group ltd.,52855.0,4.94,1160.0,1160.0,ajax pickering news advertiser,ajax pickering news advertiser,news advertiser,"['Pickering', 'Ajax']",2017
499,288.0,2018,52363.666666666664,52363.666666666664,0.0,0.0,metroland media group ltd.,52574.0,4.94,1160.0,1160.0,ajax pickering news advertiser,ajax pickering news advertiser,news advertiser,"['Pickering', 'Ajax']",2018
500,288.0,2019,52118.0,52118.0,0.0,0.0,metroland media group ltd.,53217.0,4.94,1160.0,1160.0,ajax pickering news advertiser,ajax pickering news advertiser,news advertiser,"['Pickering', 'Ajax']",2019
515,295.0,2013,179700.0,179700.0,0.0,1.0,metroland media group ltd.,167300.0,3.79,335.0,1160.0,niagara this week,niagara this week,niagara this week,['Pelham'],2013
516,295.0,2014,151925.0,151925.0,0.0,1.0,metroland media group ltd.,180050.0,3.86,1160.0,1160.0,niagara this week,niagara this week,niagara this week,['Pelham'],2014
517,295.0,2015,159755.0,159755.0,0.0,1.0,metroland media group ltd.,151925.0,3.86,1160.0,1160.0,niagara this week,niagara this week,niagara this week,['Pelham'],2015
518,295.0,2016,155941.0,155941.0,0.0,1.0,metroland media group ltd.,159597.0,3.86,1160.0,1160.0,niagara this week,niagara this week,niagara this week,['Pelham'],2016
519,295.0,2017,156663.5,156663.5,0.0,1.0,metroland media group ltd.,159597.0,3.86,1160.0,1160.0,niagara this week,niagara this week,niagara this week,['Pelham'],2017
520,295.0,2018,157386.0,157386.0,0.0,1.0,metroland media group ltd.,157002.0,3.86,1160.0,1160.0,niagara this week,niagara this week,niagara this week,['Pelham'],2018
521,295.0,2019,156690.0,156690.0,0.0,1.0,metroland media group ltd.,156928.0,3.86,1160.0,1160.0,niagara this week,niagara this week,niagara this week,['Pelham'],2019
543,310.0,2013,94807.0,94807.0,0.0,0.0,metroland media group ltd.,94915.0,7.73,335.0,1160.0,north york mirror,north york mirror,north york mirror,['Toronto'],2013
544,310.0,2014,95006.0,95006.0,0.0,0.0,metroland media group ltd.,94743.0,8.44,1160.0,1160.0,north york mirror,north york mirror,north york mirror,['Toronto'],2014
545,310.0,2015,100647.0,100647.0,0.0,0.0,metroland media group ltd.,97046.0,8.44,1160.0,1160.0,north york mirror,north york mirror,north york mirror,['Toronto'],2015
546,310.0,2016,96965.0,96965.0,0.0,0.0,metroland media group ltd.,98013.0,8.44,1160.0,1160.0,north york mirror,north york mirror,north york mirror,['Toronto'],2016
547,310.0,2017,94928.66666666667,94928.66666666667,0.0,0.0,metroland media group ltd.,96965.0,8.44,1160.0,1160.0,north york mirror,north york mirror,north york mirror,['Toronto'],2017
548,310.0,2018,92892.33333333333,92892.33333333333,0.0,0.0,metroland media group ltd.,93964.0,8.69,1160.0,1160.0,north york mirror,north york mirror,north york mirror,['Toronto'],2018
549,310.0,2019,90856.0,90856.0,0.0,0.0,metroland media group ltd.,90896.0,8.69,1160.0,1160.0,north york mirror,north york mirror,north york mirror,['Toronto'],2019
558,322.0,2015,22717.0,22717.0,0.0,1.0,metroland media group ltd.,22731.0,2.75,1160.0,1160.0,cobourg port hope colborne northumberland news,northumberland news,northumberland news,"['Cramahe', 'Port Hope', 'Cobourg']",2015
559,322.0,2016,22631.0,22631.0,0.0,1.0,metroland media group ltd.,22722.0,2.75,1160.0,1160.0,cobourg port hope colborne northumberland news,northumberland news,northumberland news,"['Cramahe', 'Port Hope', 'Cobourg']",2016
560,322.0,2017,22546.666666666668,22546.666666666668,0.0,1.0,metroland media group ltd.,22631.0,2.75,1160.0,1160.0,cobourg port hope colborne northumberland news,northumberland news,northumberland news,"['Cramahe', 'Port Hope', 'Cobourg']",2017
561,322.0,2018,22462.333333333332,22462.333333333332,0.0,1.0,metroland media group ltd.,22460.0,2.75,1160.0,1160.0,cobourg port hope colborne northumberland news,northumberland news,northumberland news,"['Cramahe', 'Port Hope', 'Cobourg']",2018
562,322.0,2019,22378.0,22378.0,0.0,1.0,metroland media group ltd.,22338.0,2.75,1160.0,1160.0,cobourg port hope colborne northumberland news,northumberland news,northumberland news,"['Cramahe', 'Port Hope', 'Cobourg']",2019
580,351.0,2013,11930.0,11930.0,0.0,0.0,metroland media group ltd.,11763.0,0.69,335.0,1160.0,perth courier,perth courier,perth courier,['Perth East'],2013
581,351.0,2014,12232.0,12232.0,0.0,0.0,metroland media group ltd.,11930.0,0.48,1160.0,1160.0,perth courier,perth courier,perth courier,['Perth East'],2014
582,351.0,2015,12467.0,12467.0,0.0,0.0,metroland media group ltd.,12345.0,0.57,1160.0,1160.0,perth courier,perth courier,perth courier,['Perth East'],2015
583,351.0,2016,11722.0,11722.0,0.0,0.0,metroland media group ltd.,12467.0,0.57,1160.0,1160.0,perth courier,perth courier,perth courier,['Perth East'],2016
584,351.0,2017,11765.0,11765.0,0.0,0.0,metroland media group ltd.,11722.0,0.57,1160.0,1160.0,perth courier,perth courier,perth courier,['Perth East'],2017
585,351.0,2018,11702.0,11702.0,0.0,0.0,metroland media group ltd.,11765.0,0.57,1160.0,1160.0,perth courier,perth courier,perth courier,['Perth East'],2018
586,351.0,2019,11686.0,11686.0,0.0,0.0,metroland media group ltd.,11828.0,0.57,1160.0,1160.0,perth courier,perth courier,perth courier,['Perth East'],2019
587,352.0,2013,45490.0,45490.0,0.0,1.0,metroland media group ltd.,45647.0,3.91,335.0,1160.0,peterborough this week,peterborough this week,peterborough this week,['Peterborough'],2013
588,352.0,2014,45095.0,45095.0,0.0,1.0,metroland media group ltd.,45313.0,4.28,1160.0,1160.0,peterborough this week,peterborough this week,peterborough this week,['Peterborough'],2014
589,352.0,2015,44314.0,44314.0,0.0,1.0,metroland media group ltd.,44719.0,4.28,1160.0,1160.0,peterborough this week,peterborough this week,peterborough this week,['Peterborough'],2015
590,352.0,2016,43968.0,43968.0,0.0,1.0,metroland media group ltd.,44465.0,4.28,1160.0,1160.0,peterborough this week,peterborough this week,peterborough this week,['Peterborough'],2016
591,352.0,2017,43360.333333333336,43360.333333333336,0.0,1.0,metroland media group ltd.,43968.0,4.28,1160.0,1160.0,peterborough this week,peterborough this week,peterborough this week,['Peterborough'],2017
592,352.0,2018,42752.666666666664,42752.666666666664,0.0,1.0,metroland media group ltd.,43195.0,4.28,1160.0,1160.0,peterborough this week,peterborough this week,peterborough this week,['Peterborough'],2018
593,352.0,2019,42145.0,42145.0,0.0,1.0,metroland media group ltd.,41715.0,4.28,1160.0,1160.0,peterborough this week,peterborough this week,peterborough this week,['Peterborough'],2019
594,353.0,2013,46050.0,46050.0,0.0,1.0,metroland media group ltd.,45970.0,3.91,335.0,1160.0,peterborough this week,peterborough this week,peterborough this week,['Peterborough'],2013
595,353.0,2014,45686.0,45686.0,0.0,1.0,metroland media group ltd.,45794.0,4.28,1160.0,1160.0,peterborough this week,peterborough this week,peterborough this week,['Peterborough'],2014
596,353.0,2015,44901.0,44901.0,0.0,1.0,metroland media group ltd.,45276.0,4.28,1160.0,1160.0,peterborough this week,peterborough this week,peterborough this week,['Peterborough'],2015
597,353.0,2016,44528.0,44528.0,0.0,1.0,metroland media group ltd.,45043.0,4.28,1160.0,1160.0,peterborough this week,peterborough this week,peterborough this week,['Peterborough'],2016
598,353.0,2017,43740.333333333336,43740.333333333336,0.0,1.0,metroland media group ltd.,44528.0,4.28,1160.0,1160.0,peterborough this week,peterborough this week,peterborough this week,['Peterborough'],2017
599,353.0,2018,42952.666666666664,42952.666666666664,0.0,1.0,metroland media group ltd.,43797.0,4.28,1160.0,1160.0,peterborough this week,peterborough this week,peterborough this week,['Peterborough'],2018
600,353.0,2019,42165.0,42165.0,0.0,1.0,metroland media group ltd.,42182.0,4.28,1160.0,1160.0,peterborough this week,peterborough this week,peterborough this week,['Peterborough'],2019
601,356.0,2013,11931.0,11931.0,0.0,0.0,napanee beaver ltd.,11955.0,0.79,71.0,106.0,prince edward picton gazette,picton gazette,picton gazette,['Prince Edward County'],2013
602,356.0,2014,12102.0,12102.0,0.0,0.0,napanee beaver ltd.,11931.0,0.79,71.0,106.0,prince edward picton gazette,picton gazette,picton gazette,['Prince Edward County'],2014
603,356.0,2015,11548.0,11548.0,0.0,0.0,napanee beaver ltd.,11955.0,0.79,71.0,106.0,prince edward picton gazette,picton gazette,picton gazette,['Prince Edward County'],2015
604,356.0,2016,11426.0,11426.0,0.0,0.0,napanee beaver ltd.,11548.0,0.89,71.0,106.0,prince edward picton gazette,picton gazette,picton gazette,['Prince Edward County'],2016
605,356.0,2017,11450.0,11450.0,0.0,0.0,napanee beaver ltd.,11426.0,0.89,71.0,106.0,prince edward picton gazette,picton gazette,picton gazette,['Prince Edward County'],2017
606,356.0,2018,11377.0,11377.0,0.0,0.0,napanee beaver ltd.,11450.0,0.91,71.0,106.0,prince edward picton gazette,picton gazette,picton gazette,['Prince Edward County'],2018
607,356.0,2019,11778.0,11778.0,0.0,0.0,napanee beaver ltd.,11377.0,0.91,71.0,106.0,prince edward picton gazette,picton gazette,picton gazette,['Prince Edward County'],2019
622,368.0,2013,15290.0,15290.0,0.0,0.0,metroland media group ltd.,15286.0,1.15,335.0,1160.0,renfrew mercury,renfrew mercury,renfrew mercury,['Laurentian Valley'],2013
623,368.0,2014,15587.0,15587.0,0.0,0.0,metroland media group ltd.,15290.0,0.8,1160.0,1160.0,renfrew mercury,renfrew mercury,renfrew mercury,['Laurentian Valley'],2014
624,368.0,2015,15624.0,15624.0,0.0,0.0,metroland media group ltd.,15564.0,0.94,1160.0,1160.0,renfrew mercury,renfrew mercury,renfrew mercury,['Laurentian Valley'],2015
625,368.0,2016,14519.0,14519.0,0.0,0.0,metroland media group ltd.,13121.0,0.94,1160.0,1160.0,renfrew mercury,renfrew mercury,renfrew mercury,['Laurentian Valley'],2016
626,368.0,2017,13359.0,13359.0,0.0,0.0,metroland media group ltd.,14519.0,0.94,1160.0,1160.0,renfrew mercury,renfrew mercury,renfrew mercury,['Laurentian Valley'],2017
627,368.0,2018,13319.0,13319.0,0.0,0.0,metroland media group ltd.,13359.0,0.94,1160.0,1160.0,renfrew mercury,renfrew mercury,renfrew mercury,['Laurentian Valley'],2018
628,368.0,2019,11563.0,11563.0,0.0,0.0,metroland media group ltd.,11942.0,0.94,1160.0,1160.0,renfrew mercury,renfrew mercury,renfrew mercury,['Laurentian Valley'],2019
636,373.0,2013,8985.0,8985.0,0.0,0.0,river town times,8986.0,0.77,88.0,382.0,amherstburg river town times,amherstburg river town times,river town times,['Amherstburg'],2013
637,373.0,2014,9177.0,9177.0,0.0,0.0,river town times,8985.0,0.79,88.0,382.0,amherstburg river town times,amherstburg river town times,river town times,['Amherstburg'],2014
638,373.0,2015,9185.0,9185.0,0.0,0.0,river town times,9177.0,0.79,88.0,382.0,amherstburg river town times,amherstburg river town times,river town times,['Amherstburg'],2015
639,373.0,2016,9133.0,9133.0,0.0,0.0,river town times,9185.0,0.79,88.0,382.0,amherstburg river town times,amherstburg river town times,river town times,['Amherstburg'],2016
640,373.0,2017,9280.0,9280.0,0.0,0.0,river town times,9133.0,0.79,88.0,382.0,amherstburg river town times,amherstburg river town times,river town times,['Amherstburg'],2017
641,373.0,2018,9442.0,9442.0,0.0,0.0,southpoint publishing inc.,9280.0,0.79,88.0,382.0,amherstburg river town times,amherstburg river town times,river town times,['Amherstburg'],2018
642,373.0,2019,9478.0,9478.0,0.0,0.0,southpoint publishing inc.,9442.0,0.79,88.0,382.0,amherstburg river town times,amherstburg river town times,river town times,['Amherstburg'],2019
643,381.0,2014,118726.0,118726.0,0.0,0.0,metroland media group ltd.,119652.0,8.93,1160.0,1160.0,scarborough mirror,scarborough mirror,scarborough mirror,['Toronto'],2014
644,381.0,2015,123298.0,123298.0,0.0,0.0,metroland media group ltd.,118432.0,8.93,1160.0,1160.0,scarborough mirror,scarborough mirror,scarborough mirror,['Toronto'],2015
645,381.0,2016,123762.0,123762.0,0.0,0.0,metroland media group ltd.,121745.0,8.93,1160.0,1160.0,scarborough mirror,scarborough mirror,scarborough mirror,['Toronto'],2016
646,381.0,2017,122604.0,122604.0,0.0,0.0,metroland media group ltd.,123762.0,8.93,1160.0,1160.0,scarborough mirror,scarborough mirror,scarborough mirror,['Toronto'],2017
647,381.0,2018,121446.0,121446.0,0.0,0.0,metroland media group ltd.,122607.0,9.2,1160.0,1160.0,scarborough mirror,scarborough mirror,scarborough mirror,['Toronto'],2018
648,381.0,2019,120288.0,120288.0,0.0,0.0,metroland media group ltd.,120372.0,9.2,1160.0,1160.0,scarborough mirror,scarborough mirror,scarborough mirror,['Toronto'],2019
656,387.0,2013,17312.0,17312.0,0.0,0.0,postmedia network inc.,17000.0,1.34,129.0,388.0,tecumseh st. clair beach windsor shoreline week,tecumseh shoreline week,shoreline week,"['Tecumseh', 'Windsor']",2013
657,387.0,2014,17324.5,17324.5,0.0,0.0,postmedia network inc.,17312.0,1.34,129.0,388.0,tecumseh st. clair beach windsor shoreline week,tecumseh shoreline week,shoreline week,"['Tecumseh', 'Windsor']",2014
658,387.0,2015,17337.0,17337.0,0.0,0.0,postmedia network inc.,17312.0,1.41,136.0,408.0,tecumseh st. clair beach windsor shoreline week,tecumseh shoreline week,shoreline week,"['Tecumseh', 'Windsor']",2015
659,387.0,2016,17349.5,17349.5,0.0,0.0,postmedia network inc.,17312.0,1.41,136.0,408.0,tecumseh st. clair beach windsor shoreline week,tecumseh shoreline week,shoreline week,"['Tecumseh', 'Windsor']",2016
660,387.0,2017,17362.0,17362.0,0.0,0.0,postmedia network inc.,17312.0,1.48,136.0,428.0,tecumseh st. clair beach windsor shoreline week,tecumseh shoreline week,shoreline week,"['Tecumseh', 'Windsor']",2017
661,387.0,2018,18808.0,18808.0,0.0,0.0,postmedia network inc.,17362.0,1.62,136.0,428.0,tecumseh st. clair beach windsor shoreline week,tecumseh shoreline week,shoreline week,"['Tecumseh', 'Windsor']",2018
662,387.0,2019,18808.0,18808.0,0.0,0.0,postmedia network inc.,17362.0,1.62,136.0,428.0,tecumseh st. clair beach windsor shoreline week,tecumseh shoreline week,shoreline week,"['Tecumseh', 'Windsor']",2019
684,391.0,2013,11726.0,11726.0,0.0,0.0,metroland media group ltd.,11010.0,0.97,335.0,1160.0,smiths falls record news,smiths falls record news,smiths falls record news,['Smiths Falls'],2013
685,391.0,2014,12352.0,12352.0,0.0,0.0,metroland media group ltd.,11726.0,0.68,1160.0,1160.0,smiths falls record news,smiths falls record news,smiths falls record news,['Smiths Falls'],2014
686,391.0,2015,12186.0,12186.0,0.0,0.0,metroland media group ltd.,12215.0,0.79,1160.0,1160.0,smiths falls record news,smiths falls record news,smiths falls record news,['Smiths Falls'],2015
687,391.0,2016,11887.0,11887.0,0.0,0.0,metroland media group ltd.,12186.0,0.79,1160.0,1160.0,smiths falls record news,smiths falls record news,smiths falls record news,['Smiths Falls'],2016
688,391.0,2017,11515.0,11515.0,0.0,0.0,metroland media group ltd.,11887.0,0.79,1160.0,1160.0,smiths falls record news,smiths falls record news,smiths falls record news,['Smiths Falls'],2017
689,391.0,2018,11463.0,11463.0,0.0,0.0,metroland media group ltd.,11515.0,0.79,1160.0,1160.0,smiths falls record news,smiths falls record news,smiths falls record news,['Smiths Falls'],2018
690,391.0,2019,11324.0,11324.0,0.0,0.0,metroland media group ltd.,11484.0,0.79,1160.0,1160.0,smiths falls record news,smiths falls record news,smiths falls record news,['Smiths Falls'],2019
691,454.0,2013,9881.0,9881.0,0.0,0.0,jim heyens and sheila mcbrayne,10800.0,1.06,294.0,529.0,leamington southpoint sun,leamington southpoint sun,southpoint sun,['Leamington'],2013
692,454.0,2014,10384.0,10384.0,0.0,0.0,jim heyens and sheila mcbrayne,9881.0,1.12,294.0,529.0,leamington southpoint sun,leamington southpoint sun,southpoint sun,['Leamington'],2014
693,454.0,2015,10620.0,10620.0,0.0,0.0,jim heyens and sheila mcbrayne,10384.0,1.12,294.0,529.0,leamington southpoint sun,leamington southpoint sun,southpoint sun,['Leamington'],2015
694,454.0,2016,10659.0,10659.0,0.0,0.0,jim heyens and sheila mcbrayne,10620.0,1.14,294.0,529.0,leamington southpoint sun,leamington southpoint sun,southpoint sun,['Leamington'],2016
695,454.0,2017,11330.0,11330.0,0.0,0.0,southpoint publishing inc.,10659.0,1.18,294.0,529.0,leamington southpoint sun,leamington southpoint sun,southpoint sun,['Leamington'],2017
931,454.0,2018,12001.0,12001.0,0.0,0.0,,13479.5,1.355,294.0,529.0,,,,,2018
696,454.0,2019,12672.0,12672.0,0.0,0.0,southpoint publishing inc.,16300.0,1.53,294.0,529.0,leamington wheatley southpoint sun,leamington wheatley kingsville southpoint sun,southpoint sun,"['Leamington', 'Chatham-Kent']",2019
701,466.0,2015,4928.0,4928.0,0.0,0.0,sun media corporation,4175.0,0.65,127.0,382.0,paris star,paris star,star,['Brant'],2015
702,466.0,2016,4885.0,4885.0,0.0,0.0,sun media corporation,4900.0,0.65,127.0,382.0,paris star,paris star,star,['Brant'],2016
703,466.0,2017,4910.0,4910.0,0.0,0.0,postmedia network inc.,4885.0,0.65,127.0,382.0,paris star,paris star,star,['Brant'],2017
704,466.0,2018,4894.0,4894.0,0.0,0.0,postmedia network inc.,4910.0,0.67,127.0,394.0,paris star,paris star,star,['Brant'],2018
705,466.0,2019,4894.0,4894.0,0.0,0.0,postmedia network inc.,4910.0,0.67,127.0,394.0,paris star,paris star,star,['Brant'],2019
706,470.0,2013,29928.0,29928.0,0.0,0.0,metroland media group ltd.,29900.0,2.5,335.0,1160.0,stoney creek news,stoney creek news,stoney creek news,['Hamilton'],2013
707,470.0,2014,30571.0,30571.0,0.0,0.0,metroland media group ltd.,29928.0,2.73,1160.0,1160.0,stoney creek news,stoney creek news,stoney creek news,['Hamilton'],2014
708,470.0,2015,30041.0,30041.0,0.0,0.0,metroland media group ltd.,30604.0,2.73,1160.0,1160.0,stoney creek news,stoney creek news,stoney creek news,['Hamilton'],2015
709,470.0,2016,29932.0,29932.0,0.0,0.0,metroland media group ltd.,29930.0,2.73,1160.0,1160.0,stoney creek news,stoney creek news,stoney creek news,['Hamilton'],2016
710,470.0,2017,29928.0,29928.0,0.0,0.0,metroland media group ltd.,29932.0,2.73,1160.0,1160.0,stoney creek news,stoney creek news,stoney creek news,['Hamilton'],2017
711,470.0,2018,28929.0,28929.0,0.0,0.0,metroland media group ltd.,29931.0,2.73,1160.0,1160.0,stoney creek news,stoney creek news,stoney creek news,['Hamilton'],2018
712,470.0,2019,29875.0,29875.0,0.0,0.0,metroland media group ltd.,29943.0,2.73,1160.0,1160.0,stoney creek news,stoney creek news,stoney creek news,['Hamilton'],2019
740,495.0,2013,10819.0,10819.0,0.0,1.0,metroland media group ltd.,11500.0,2.16,335.0,1160.0,collingwood wasaga the connection,collingwood connection,the connection,"['Collingwood', 'Wasaga Beach']",2013
741,495.0,2014,11098.0,11098.0,0.0,1.0,metroland media group ltd.,10819.0,2.35,1160.0,1160.0,collingwood wasaga the connection,collingwood connection,the connection,"['Collingwood', 'Wasaga Beach']",2014
932,495.0,2015,11191.4,11191.4,0.0,1.0,,10972.4,2.35,1160.0,1160.0,,,,,2015
933,495.0,2016,11284.8,11284.8,0.0,1.0,,11125.8,2.35,1160.0,1160.0,,,,,2016
934,495.0,2017,11378.2,11378.2,0.0,1.0,,11279.2,2.35,1160.0,1160.0,,,,,2017
935,495.0,2018,11471.6,11471.6,0.0,1.0,,11432.6,2.35,1160.0,1160.0,,,,,2018
742,495.0,2019,11565.0,11565.0,0.0,1.0,metroland media group ltd.,11586.0,2.35,1160.0,1160.0,collingwood wasaga the connection,collingwood connection,the connection,"['Collingwood', 'Wasaga Beach']",2019
773,510.0,2013,81467.0,81467.0,0.0,0.0,metroland media group ltd.,83140.0,5.44,335.0,1160.0,richmond hill thornhill the liberal,richmond hill thornhill liberal,the liberal,"['Vaughan', 'Richmond Hill']",2013
774,510.0,2014,83416.0,83416.0,0.0,0.0,metroland media group ltd.,81654.0,5.94,1160.0,1160.0,richmond hill thornhill the liberal,richmond hill thornhill liberal,the liberal,"['Vaughan', 'Richmond Hill']",2014
775,510.0,2015,83938.0,83938.0,0.0,0.0,metroland media group ltd.,83416.0,5.94,1160.0,1160.0,richmond hill thornhill the liberal,richmond hill thornhill liberal,the liberal,"['Vaughan', 'Richmond Hill']",2015
936,510.0,2016,66867.33333333333,66867.33333333333,0.0,0.0,,83626.33333333333,5.94,1160.0,1160.0,,,,,2016
937,510.0,2017,49796.666666666664,49796.666666666664,0.0,0.0,,83836.66666666667,5.94,1160.0,1160.0,,,,,2017
776,510.0,2018,32726.0,32726.0,0.0,0.0,metroland media group ltd.,84047.0,5.94,1160.0,1160.0,richmond hill thornhill the liberal,richmond hill thornhill liberal,the liberal,"['Vaughan', 'Richmond Hill']",2018
777,510.0,2019,84406.0,84406.0,0.0,0.0,metroland media group ltd.,84542.0,5.94,1160.0,1160.0,richmond hill thornhill the liberal,richmond hill thornhill liberal,the liberal,"['Vaughan', 'Richmond Hill']",2019
793,525.0,2015,13150.0,13150.0,0.0,0.0,metroland media group ltd.,12256.0,2.35,1160.0,1160.0,wasaga stayner the sun,wasaga stayner sun,the sun,"['Clearview', 'Wasaga Beach']",2015
794,525.0,2016,12507.0,12507.0,0.0,0.0,metroland media group ltd.,12507.0,2.35,1160.0,1160.0,wasaga stayner the sun,wasaga stayner sun,the sun,"['Clearview', 'Wasaga Beach']",2016
795,525.0,2017,13051.0,13051.0,0.0,0.0,metroland media group ltd.,12507.0,2.35,1160.0,1160.0,wasaga stayner the sun,wasaga stayner sun,the sun,"['Clearview', 'Wasaga Beach']",2017
796,525.0,2018,13019.0,13019.0,0.0,0.0,metroland media group ltd.,13051.0,2.35,1160.0,1160.0,wasaga stayner the sun,wasaga stayner sun,the sun,"['Clearview', 'Wasaga Beach']",2018
797,525.0,2019,13332.0,13332.0,0.0,0.0,metroland media group ltd.,13239.0,2.35,1160.0,1160.0,wasaga stayner the sun,wasaga stayner sun,the sun,"['Clearview', 'Wasaga Beach']",2019
816,546.0,2014,43740.0,43740.0,0.0,0.0,dougall media,43740.0,1.75,184.0,404.0,thunder bay source,thunder bay source,thunder bay source,"['Thunder Bay', 'Unorganized']",2014
817,546.0,2015,43739.0,43739.0,0.0,0.0,dougall media,43740.0,1.75,184.0,404.0,thunder bay source,thunder bay source,thunder bay source,"['Thunder Bay', 'Unorganized']",2015
818,546.0,2016,43740.0,43740.0,0.0,0.0,dougall media,43739.0,1.75,184.0,404.0,thunder bay source,thunder bay source,thunder bay source,"['Thunder Bay', 'Unorganized']",2016
819,546.0,2017,43717.0,43717.0,0.0,0.0,dougall media,43740.0,1.75,184.0,404.0,thunder bay source,thunder bay source,thunder bay source,"['Thunder Bay', 'Unorganized']",2017
820,546.0,2018,43438.0,43438.0,0.0,0.0,dougall media,43717.0,1.75,184.0,404.0,thunder bay source,thunder bay source,thunder bay source,"['Thunder Bay', 'Unorganized']",2018
821,546.0,2019,39903.0,39903.0,0.0,0.0,dougall media,43170.0,1.75,184.0,404.0,thunder bay source,thunder bay source,thunder bay source,"['Thunder Bay', 'Unorganized']",2019
848,561.0,2013,13368.0,13368.0,0.0,1.0,sun media corporation,13399.0,0.85,118.0,294.0,trenton trentonian,trenton trentonian,trentonian,['Quinte West'],2013
849,561.0,2014,14100.0,14100.0,0.0,1.0,sun media corporation,13368.0,0.58,176.0,176.0,trenton trentonian,trenton trentonian,trentonian,['Quinte West'],2014
850,561.0,2015,14638.0,14638.0,0.0,1.0,sun media corporation,14119.0,0.58,176.0,176.0,trenton trentonian,trenton trentonian,trentonian,['Quinte West'],2015
851,561.0,2016,15114.0,15114.0,0.0,1.0,sun media corporation,14638.0,0.58,176.0,176.0,trenton trentonian,trenton trentonian,trentonian,['Quinte West'],2016
852,561.0,2017,15160.0,15160.0,0.0,1.0,postmedia network inc.,14992.0,0.58,176.0,176.0,trenton trentonian,trenton trentonian,trentonian,['Quinte West'],2017
853,561.0,2018,14835.0,14835.0,0.0,1.0,postmedia network inc.,15160.0,0.58,176.0,176.0,trenton trentonian,trenton trentonian,trentonian,['Quinte West'],2018
854,561.0,2019,14835.0,14835.0,0.0,1.0,postmedia network inc.,15160.0,0.58,176.0,176.0,trenton trentonian,trenton trentonian,trentonian,['Quinte West'],2019
862,564.0,2013,5000.0,5000.0,0.0,0.0,lynda powless,5000.0,1.59,182.0,776.0,ohsweken turtle island news,ohsweken turtle island news,turtle island news,['Six Nations'],2013
863,564.0,2014,8750.0,8750.0,0.0,0.0,lynda powless,5000.0,1.59,182.0,776.0,ohsweken turtle island news,ohsweken turtle island news,turtle island news,['Six Nations'],2014
864,564.0,2015,12500.0,12500.0,0.0,0.0,lynda powless,15000.0,1.59,182.0,776.0,ohsweken turtle island news,ohsweken turtle island news,turtle island news,['Six Nations'],2015
865,564.0,2016,16250.0,16250.0,0.0,0.0,lynda powless,15000.0,1.81,182.0,776.0,ohsweken turtle island news,ohsweken turtle island news,turtle island news,['Six Nations'],2016
866,564.0,2017,20000.0,20000.0,0.0,0.0,lynda powless,15000.0,1.81,182.0,776.0,ohsweken turtle island news,ohsweken turtle island news,turtle island news,['Six Nations'],2017
867,564.0,2018,5000.0,5000.0,0.0,0.0,turtle island news publications,15000.0,1.88,182.0,776.0,ohsweken turtle island news,ohsweken turtle island news,turtle island news,['Six Nations'],2018
868,564.0,2019,5000.0,5000.0,0.0,0.0,turtle island news publications,15000.0,1.88,182.0,776.0,ohsweken turtle island news,ohsweken turtle island news,turtle island news,['Six Nations'],2019
869,566.0,2013,9015.0,9015.0,0.0,0.0,metroland media group ltd.,10086.0,1.56,335.0,1160.0,uxbridge timesjournal,uxbridge times journal,uxbridge timesjournal,['Uxbridge'],2013
870,566.0,2014,9507.0,9507.0,0.0,0.0,metroland media group ltd.,9027.0,1.7,1160.0,1160.0,uxbridge timesjournal,uxbridge times journal,uxbridge timesjournal,['Uxbridge'],2014
871,566.0,2015,8989.0,8989.0,0.0,0.0,metroland media group ltd.,9024.0,1.7,1160.0,1160.0,uxbridge timesjournal,uxbridge times journal,uxbridge timesjournal,['Uxbridge'],2015
872,566.0,2016,8958.0,8958.0,0.0,0.0,metroland media group ltd.,8999.0,1.7,1160.0,1160.0,uxbridge timesjournal,uxbridge times journal,uxbridge timesjournal,['Uxbridge'],2016
873,566.0,2017,8882.333333333334,8882.333333333334,0.0,0.0,metroland media group ltd.,8958.0,1.7,1160.0,1160.0,uxbridge timesjournal,uxbridge times journal,uxbridge timesjournal,['Uxbridge'],2017
874,566.0,2018,8806.666666666666,8806.666666666666,0.0,0.0,metroland media group ltd.,8855.0,1.7,1160.0,1160.0,uxbridge timesjournal,uxbridge times journal,uxbridge timesjournal,['Uxbridge'],2018
875,566.0,2019,8731.0,8731.0,0.0,0.0,metroland media group ltd.,8745.0,1.7,1160.0,1160.0,uxbridge timesjournal,uxbridge times journal,uxbridge timesjournal,['Uxbridge'],2019
876,568.0,2013,51540.0,51540.0,0.0,0.0,metroland media group ltd.,50813.0,3.13,335.0,1160.0,vaughan citizen,vaughan citizen,vaughan citizen,['Vaughan'],2013
877,568.0,2014,56533.0,56533.0,0.0,0.0,metroland media group ltd.,51864.0,3.41,1160.0,1160.0,vaughan citizen,vaughan citizen,vaughan citizen,['Vaughan'],2014
878,568.0,2015,56991.0,56991.0,0.0,0.0,metroland media group ltd.,56533.0,3.41,1160.0,1160.0,vaughan citizen,vaughan citizen,vaughan citizen,['Vaughan'],2015
879,568.0,2016,57814.0,57814.0,0.0,0.0,metroland media group ltd.,56971.0,3.41,1160.0,1160.0,vaughan citizen,vaughan citizen,vaughan citizen,['Vaughan'],2016
880,568.0,2017,58002.666666666664,58002.666666666664,0.0,0.0,metroland media group ltd.,57814.0,3.41,1160.0,1160.0,vaughan citizen,vaughan citizen,vaughan citizen,['Vaughan'],2017
881,568.0,2018,58191.333333333336,58191.333333333336,0.0,0.0,metroland media group ltd.,57814.0,3.41,1160.0,1160.0,vaughan citizen,vaughan citizen,vaughan citizen,['Vaughan'],2018
882,568.0,2019,58380.0,58380.0,0.0,0.0,metroland media group ltd.,58413.0,3.41,1160.0,1160.0,vaughan citizen,vaughan citizen,vaughan citizen,['Vaughan'],2019
883,574.0,2016,29538.0,29538.0,0.0,0.0,metroland media group ltd.,30278.0,1.67,,1160.0,waterloo chronicle,waterloo chronicle,waterloo chronicle,['Waterloo'],2016
884,574.0,2017,30611.0,30611.0,0.0,0.0,metroland media group ltd.,29538.0,1.67,,1160.0,waterloo chronicle,waterloo chronicle,waterloo chronicle,['Waterloo'],2017
885,574.0,2018,30364.0,30364.0,0.0,0.0,metroland media group ltd.,30611.0,1.67,,1160.0,waterloo chronicle,waterloo chronicle,waterloo chronicle,['Waterloo'],2018
886,574.0,2019,30117.0,30117.0,0.0,0.0,metroland media group ltd.,30611.0,1.67,,1160.0,waterloo chronicle,waterloo chronicle,waterloo chronicle,['Waterloo'],2019
