Newspaper,Market,Owner,StdName2,StdOwner2,double,StdMarket2,RemovableSlash,Swap2017
Nepean/Barrhaven News,nepean&barrhaven,metroland media group ltd.,,,,,,1
st. marys journal argus,st.%20marys,metroland media group ltd.,,,,,,1
journal argus,st.%20marys,metroland media group ltd.,,,,,,1
journal argus weekender,st.%20marys,metroland media group ltd.,,,,,,1
action l,london&sarnia&woodstock,altomedia inc.,,,,,,
advance,flesherton,dundalk herald publishing,,,,,,
advertiser,woodbridge,beverley and karl mallette,,,,,,
advocate,mitchell,postmedia network inc.,,,,,,
advocate,mitchell,sun media corporation,,,,,,
age dispatch,strathroy,postmedia network inc.,,,,,,
age dispatch,strathroy,sun media corporation,,,,,,
age dispatch,strathroy&middlesex,postmedia network inc.,,,,,,
alliston herald,alliston,metroland media group ltd.,,,,,,
almaguin news,burks%20falls,metroland media group ltd.,,,,,,
amherstburg river town times,amherstburg,river town times,river town times,,,,,
ancaster news,ancaster,metroland media group ltd.,,,,,,
annex gleaner,toronto,burchell publishing co. ltd.,,,,,,
arnprior chronicle guide,arnprior,metroland media group ltd.,,,,,,
arthur enterprise news,arthur,metroland media group ltd.,,,,,,
atikokan progress,atikokan,atikokan printing (1994) ltd.,,,,,,
aurora king connection,aurora,metroland media group ltd.,king connection,,,king%20township,,
aylmer express,aylmer,aylmer express ltd.,,,,,,
ayr news,ayr,ayr news ltd.,,,,,,
bancroft this week,bancroft,maple key media,,,,,,
bancroft this week,bancroft,sun media corporation,,,,,,
bancroft this week,bancroft,white pine media corp.,,,,,,
bancroft times,bancroft,bancroft times,,,,,,
banner,aurora,metroland media group ltd.,,,,,,
barrhaven independent,barrhaven,the morris group,,,,,,
barrie advance,barrie,metroland media group ltd.,,,,,,
barrys bay this week,barry's%20bay,sun media corporation,,,,,,
bayview post,toronto,post city magazines,,,,,,
beach  east york neighbourhood voice,east%20york,metroland media group ltd.,,,,,,
beach metro community news,toronto,ward 9 community news inc.,,,,,,
beachriverdale mirror,toronto,metroland media group ltd.,,,,,,
beacon star,parry%20sound,metroland media group ltd.,,,,,,
beaver,oakville,metroland media group ltd.,,,,,,
belleville news,belleville,metroland media group ltd.,,,,,,1
belleville/quinte region the community press,belleville&quinte,sun media corporation,the community press,,,,,
bizbull,mount%20forest,john benns and campbell clark,,,,,,
blenheim newstribune,blenheim,blenheim publishers,newstribune,,,,,
bloor west villager,toronto,metroland media group ltd.,,,,,,
bloor westparkdale villager,toronto,metroland media group ltd.,,,,,,
blue mountains courierherald,blue%20mountains,metroland media group ltd.,,,,,,
blyth/brussels citizen,blyth&brussels,north huron publishing co. inc.,citizen,,,,,
bracebridge examiner,bracebridge,metroland media group ltd.,,,,,,
bradford topic,bradford,metroland media group ltd.,bradford west gwillimbury topic,,,,,
bradford west gwillimbury times,bradford,postmedia network inc.,,,,,,1
bradford west gwillimbury times,bradford,sun media corporation,,,,,,1
bradford west gwillimbury topic,bradford%20west%20gwillimbury,metroland media group ltd.,,,,,,
bradford west gwillimburytopic,bradford%20west%20gwillimbury,metroland media group ltd.,bradford west gwillimbury topic,,,,,
brampton guardian,brampton,metroland media group ltd.,,,,,,
brant news,brantford,metroland media group ltd.,,,,,,1
"brantford expositor, your tmc newspaper",brantford,postmedia network inc.,,,,,,
"brantford expositor, your tmc newspaper",brantford,sun media corporation,,,,,,
brighton Independent,brighton&warkworth&campbellford,metroland media group ltd.,,,,,,
brighton independent,brighton&warkworth&campbellford,metroland media group ltd.,,,,,,
brock citizen,brock,metroland media group ltd.,,,,,,
brockville st. lawrence emc,brockville,metroland media group ltd.,st. lawrence news,,,,,1
bruce peninsula press,tobermory,tobermory press inc.,,,,,,
burford times,burford,burford times,,,,,,
burks falls almaguin news,burks%20falls,metroland media group ltd.,almaguin news,,,,,
burlington post,burlington,metroland media group ltd.,,,,,,
caledon citizen,caledon,london publishing corporation,,,,,,
caledon enterprise,caledon,metroland media group ltd.,,,,,,
cambridge times,cambridge,metroland media group ltd.,,,,,,
campbellford/northwest emc,campbellford&northwest,metroland media group ltd.,,,,,,
canadian champion,milton,metroland media group ltd.,,,,,,
canadian jewish news,toronto,canadian jewish news,,,,,,
caps community news,kawartha%20lakes&north%20durham,scugog communications group,,,,,,
carleton placealmonte canadian gazette,almonte&carleton%20place,metroland media group ltd.,,,,,,
central hastings news,stirling,metroland media group ltd.,,,,,,1
central hastings/trent hill news,stirling&campbellford,metroland media group ltd.,,,,,,1
cfb borden citizen,cfb%20borden,department of national defence,citizen,,,,,
cfb petawawa post,cfb%20petawawa,department of national defence,post,,,,,
cfb trenton contact,cfb%20trenton,department of national defence,contact,,,,,
chapleau express,chapleau,the chapleau express,express,,,,,
chatham this week,chatham,sun media corporation,this week,,,,,
chesterville record,chesterville,etcetera publications,record,,,,,
chronicle,west%20elgin,postmedia network inc.,,,,,,
chronicle,west%20elgin,sun media corporation,,,,,,
citizen,blyth&brussels,north huron publishing co. inc.,,,,,,
citizen,cfb%20borden,department of national defence,,,,,,
citoyen borden citizen,cfb%20borden,canadian forces morale and welfare services (cfmws),citizen,,,,,
citoyen borden citizen,cfb%20borden,department of national defence,citizen,,,,,
city centre mirror/annex guardian,toronto,metroland media group ltd.,,,,,,
city centre/york mirror,toronto,metroland media group ltd.,,,,,,
clarington this week,clarington,metroland media group ltd.,,,,,,
clinton news record,clinton,sun media corporation,news record,,,,,
cochrane timespost,cochrane,postmedia network inc.,,,,,,
cochrane timespost,cochrane,sun media corporation,,,,,,
collingwood enterprisebulletin,collingwood,sun media corporation,enterprise bulletin,,,,,1
community news,drayton,w.h.a. publications ltd.,,,,,,
contact,cfb%20trenton,canadian forces morale and welfare services (cfmws),,department of national defence,,,,
contact,cfb%20trenton,department of national defence,,,,,,
cornwall express,cornwall,tc.transcontinental,express,,,,,
county echo,haliburton,maple key media,,,,,,
county echo,haliburton,white pine media corp.,,,,,,
county life,haliburton,white pine media corp.,,,,,,
courier press,wallaceburg,postmedia network inc.,,,,,,
courier press,wallaceburg,sun media corporation,,,,,,
creemore echo,creemore,creemore echo communications,,,,,,
deep river north renfrew times,deep%20river,deep river community assn. inc.,north renfrew times,,,,,
delhi newsrecord,delhi,sun media corporation,newsrecord,,,,,
dorchester signpost,dorchester,dorchester signpost,signpost,,,,,
drayton community news,drayton,w.h.a. publications ltd.,community news,,,,,
driftwood,ignace,ignace driftwood,,,,,,
dryden observer,dryden,alex wilson coldstream ltd.,,,,,,
dryden observer,dryden,norwest printing & publishing group,,,,,,
dryden observer/northern sun news,dryden&red%20lake,norwest printing & publishing group,dryden observer,,,,,
dundalk herald,dundalk,dundalk herald publishing,herald,,,,,
dundas star news,dundas,metroland media group ltd.,,,,,,
east gwillimbury express,east%20gwillimbury,metroland media group ltd.,,,,,,
east york mirror,east%20york,metroland media group ltd.,,,,,,
east york/beach mirror,east%20york,metroland media group ltd.,east york mirror,,,,,
economist & sun,markham,metroland media group ltd.,,,,,,
eganville leader,eganville,eganville leader publishing ltd.,,,,,,
elliot lake standard,elliot%20lake,sun media corporation,standard,,,,,
elmira independent,elmira,metroland media group ltd.,,,,,,
elmira independentexpress,elmira,metroland media group ltd.,elmira independent express,,,,,
elmirawoolwich observer,elmira&woolwich,cathedral communications inc.,observer,,,,,
elmvale springwater news,elmvale,springwater news,springwater news,,,,,
embassy,ottawa,hill times publishing inc.,,,,,,
embrun news,embrun,le reflet,news,,,,,
enterprise,iroquois%20falls,william c. cavell enterprises ltd.,,,,,,
enterprisebulletin,collingwood,postmedia network inc.,enterprise bulletin,,,,,1
enterprisebulletin,collingwood,sun media corporation,enterprise bulletin,,,,,1
epoch times,toronto,epoch times media inc.,,,,,,
epoch times toronto,toronto,epoch times media inc.,epoch times,,,,,
era banner,newmarket&aurora,metroland media group ltd.,era banner,,,,,
erin advocate,erin,metroland media group ltd.,the advocate,,,,,
espanola midnorth monitor,espanola,sun media corporation,midnorth monitor,,,,,
essex free press,essex,london publishing corporation,,,,,,
etc...news,toronto,etc...news,,,,,,
etobicoke guardian,etobicoke,metroland media group ltd.,,,,,,
exeter lakeshore timesadvance,exeter,postmedia network inc.,times advocate,,,,,1
exeter timesadvocate,exeter,metroland media group ltd.,times advocate,,,,,1
exeter timesadvance,exeter,postmedia network inc.,times advocate,,,,,1
exeter timesadvocate weekender,exeter,metroland media group ltd.,times advocate,,,,,1
timesadvocate weekender,exeter,metroland media group ltd.,times advocate weekender,,,,,1
timesadvocate,exeter,metroland media group ltd.,times advocate,,,,,1
timesadvocate weekender,exeter,metroland media group ltd.,times advocate weekender,,,,,1
express,chapleau,the chapleau express,,,,,,
express,cornwall,tc.transcontinental,,,,,,
express dottawa l,ottawa,tc.transcontinental,,,,,,
express l,toronto,l'express,,,,,,
fergus wellington advertiser,fergus,w.h.a. publications ltd.,wellington advertiser,,,,,
ferguselora news express,fergus&elora,metroland media group ltd.,news express,,,,,
flamborough review,waterdown,metroland media group ltd.,,,,,,
flesherton advance,flesherton,dundalk herald publishing,advance,,,,,
fonthill pelham news,fonthill,sun media corporation,pelham news,,,,,1
forest hill town crier,toronto,streeter publications ltd.,,,,,,
forest standard,forest,hayter-walden publications inc.,standard,,,,,
fort erie times,fort%20erie,postmedia network inc.,,,,,,1
fort erie times,fort%20erie,sun media corporation,,,,,,1
fort frances times,fort%20frances,fort frances times ltd.,,,,,,
frontenac gazette,frontenac,metroland media group ltd.,,,,,,1
gananoque reporter,gananoque,sun media corporation,reporter,,,,,
gazette,nipigon&red%20rock,lakeshore community publishing,,,,,,
gazette,norwich,postmedia network inc.,,,,,,
gazette,norwich,sun media corporation,,,,,,
gazette,tavistock,tavistock gazette ltd.,,,,,,
gazette transcript & free press,parkhill,hayter-walden publications inc.,,,,,,
gazette transcript & free press,parkhill&glencoe,hayter-walden publications inc.,,,,,,
gazette transcript & free press,parkhill&glencoe,,,hayter-walden publications inc.,,,,
georgetown/acton independent & free press,georgetown&acton,metroland media group ltd.,independent & free press,,,,,
georgina advocate,keswick,metroland media group ltd.,,,,,,
glanbrook gazette,glanbrook,metroland media group ltd.,,,,,,
glencoe transcript/free press,glencoe,hayter-walden publications inc.,transcript/free press,,,,,
glengarry news,alexandria,glengarry news ltd.,,,,,,
goderich signalstar,goderich,postmedia network inc.,signalstar,,,,,
goderich signalstar,goderich,sun media corporation,signalstar,,,,,
gout de vivre le,penetanguishene,comite d'action place lafontaine,,,,,,
grand river sachem,haldimand,metroland media group ltd.,the sachem,,,,,
gravenhurst banner,gravenhurst,metroland media group ltd.,,,,,,
grey bruce this week,hanover,postmedia network inc.,,,,,,
grey bruce this week,hanover,sun media corporation,,,,,,
grimsby lincoln news,grimsby&lincoln,metroland media group ltd.,,,,,,
guard of honour,cfsu%20ottawa,canadian forces morale and welfare services (cfmws),,,,,,
guard of honour,cfsu%20ottawa,department of national defence,,,,,,
guelph mercury tribune,guelph,metroland media group ltd.,,,,,,
guideadvocate,watford,hayter-walden publications inc.,guide advocate,,,,,
haldimand press,hagersville&cayuga,haldimand advocate limited,,,,,,
haliburton county echo,haliburton,sun media corporation,county echo,,,,,
haliburton highlander,haliburton,the haliburton highlander limited,highlander,,,,,
hamilton mountain news,hamilton,metroland media group ltd.,mountain news,,,,,
herald,dundalk,dundalk herald publishing,,,,,,
herald,thamesville,allison humphrey,,,,,,
herald,thamesville,heather wright,,,,,,
highlander,haliburton,maple key media,,,,,,
highlands courier,bancroft&wilberforce,the highlands courier,,,,,,
hill times,ottawa,hill times publishing inc.,,,,,,
horizon,kapuskasing,postmedia network inc.,,,,,,
horizon,kapuskasing,sun media corporation,,,,,,
huntsville forester,huntsville,metroland media group ltd.,,,,,,
huron expositor,seaforth,postmedia network inc.,,,,,,
huron expositor,seaforth,sun media corporation,,,,,,
ignace driftwood,ignace,ignace driftwood,driftwood,,,,,
in port news,port%20colborne,postmedia network inc.,,,,,,1
in port news,port%20colborne,sun media corporation,,,,,,1
independent,barrhaven,the morris group,,,,,,
independent,st.%20marys,st. marys independent,st. marys independent,,,,,
independent & free press,georgetown&acton,metroland media group ltd.,,,,,,
independent news,ridgetown,ridgetown independent news,,,,,,
independent/news,tillsonburg,postmedia network inc.,,,1,,,
independent/news,tillsonburg,sun media corporation,,,1,,,
information l,hamilton&burlington,l'information (hamilton/burlington),,,,,,
ingersoll times,ingersoll,postmedia network inc.,,,,,,
ingersoll times,ingersoll,sun media corporation,,,,,,
innisfil journal,innisfil,metroland media group ltd.,,,,,,
innisfil scope,innisfil,london publishing corporation,,,,,,
iroquois falls enterprise,iroquois%20falls,william c. cavell enterprises ltd.,enterprise,,,,,
jackfish journal,hornepayne,ginger latoski,,,,,,
jackfish journal,hornepayne,lisa stewart,,,,,,
jackfish journal,hornepayne,,,,,,,
journal,wheatley,southpoint publishing inc.,,,,,,
journal,wheatley,wheatley journal,,,,,,
journal de cornwall le,cornwall,compagnie d'edition andre paquette,,,,,,
kanata kourier standard,kanata,metroland media group ltd.,,,,,,1
kanata kouriers tandard,kanata,metroland media group ltd.,kanata kourier standard,,,,,1
kapuskasing horizon,kapuskasing,sun media corporation,horizon,,,,,
kapuskasing northern times,kapuskasing,sun media corporation,northern times,,,,,
kapuskasing the weekender,kapuskasing,sun media corporation,the weekender,,,,,
kawartha lakes this week,kawartha%20lakes,metroland media group ltd.,,,,,,
kemptville advance,kemptville,metroland media group ltd.,,,,,,
kenora lake of the woods enterprise,kenora,sun media corporation,lake of the woods enterprise,,,,,
kincardine news,kincardine,postmedia network inc.,,,,,,
kincardine news,kincardine,sun media corporation,,,,,,
king connection,king%20township,metroland media group ltd.,,,,,,
king township weekly sentinel,king%20township,london publishing corporation,weekly sentinel,,,,,
king weekly,king,ontario ltd.,weekly,,,,,
kingston heritage,kingston,metroland media group ltd.,,,,,,1
kingston/frontenac this week,kingston&frontenac,postmedia network inc.,,,,,,
kingston/frontenac this week,kingston&frontenac,sun media corporation,,,,,,
kingsville reporter,kingsville,postmedia network inc.,,,,,,
"kitchener citizen, east edition",kitchener,carrie debrone,,,,,,
"kitchener citizen, east editionon",kitchener,carrie debrone,"kitchener citizen, east edition",,,,,
"kitchener citizen, east editionon",kitchener,rosemount house publishing,"kitchener citizen, east edition",,,,,
"kitchener citizen, west edition",kitchener,helen redgwell hall,,,,,,
"kitchener citizen, west editionon",kitchener,helen redgwell hall,"kitchener citizen, west edition",,,,,
kitchener post,kitchener,metroland media group ltd.,,,,,,
lake erie beacon,port%20stanley,andrew hibbert and ted halwa,,,,,,
lake erie beaconon,port%20stanley,andrew hibbert and ted halwa,lake erie beacon,,,,,
lake of the woods enterprise,kenora,postmedia network inc.,,,,,,
lake of the woods enterprise,kenora,sun media corporation,,,,,,
lakefield herald,lakefield,lakefield herald ltd.,,,,,,
lakeshore advance,grand%20bend&zurich,postmedia network inc.,,,,,,
lakeshore advance,grand%20bend&zurich,sun media corporation,,,,,,
lakeshore news,belle%20river,postmedia network inc.,,,,,,
lambtonmiddlesex standard,lambton-middlesex,hayter-walden publications inc.,,,,,,
lasalle post,lasalle,postmedia network inc.,,,,,,
le carillon,hawkesbury,compagnie d'edition andre paquette,,,,,,
le nord,hearst,le nord inc.,,,,,,
le regional,hawkesbury,le regional,,,,,,
le regional,hawkesbury,postmedia network inc.,,,,,,
le regional,hawkesbury,sun media corporation,,,,,,
le voyageur,sudbury,publications voyageur inc.,,,,,,
leader,eganville,eganville leader publishing ltd.,,,,,,
leader spirit,dresden&bothwell,sun media corporation,,,,,,
leamington southpoint sun,leamington,jim heyens and sheila mcbrayne,southpoint sun,,,,,
leasiderosedale town crier,toronto,streeter publications ltd.,,,,,,
lexpress,toronto,l'express,express l,,,,,
listowel banner,listowel,metroland media group ltd.,,,,,,
listowel independent plus,listowel,metroland media group ltd.,,,,,,
london community news,london,metroland media group ltd.,,,,,,
longlac times star,geraldton,times star publishing,times star,,,,,
lucknow sentinel,lucknow,sun media corporation,sentinel,,,,,
m??tro courrier le,toronto,metro courrier,metro courrier le,,,,,
manitoulin expositor,manitoulin%20island,manitoulin publishing co. ltd.,,,,,,
manitoulin west recorder,gore%20bay,manitoulin publishing co. ltd.,,,,,,
manitouwadge echo,manitouwadge,manitouwadge echo,the echo,,,,,
manotick messenger,manotick,the morris group,,,,,,
manotick news,manotick,metroland media group ltd.,,,,,,
marketplace,stratford,postmedia network inc.,,,,,,
marketplace,stratford,sun media corporation,,,,,,
markham economist & sun,markham,metroland media group ltd.,economist & sun,,,,,
mattawa recorder,mattawa,ontario inc.,recorder,,,,,
meaford express,meaford,metroland media group ltd.,,,,,,1
mercury,marathon,marathon mercury printers limited,,,,,,
metropolitain le,toronto,alto inc.,,,,,,
middlesex banner,lucan&ailsa%20craig&ilderton,banner publications,,,,,,
midland/ penetanguishene mirror,midland&%20penetanguishene,metroland media group ltd.,the mirror,,,,,
midnorth monitor,espanola,postmedia network inc.,,,,,,
midnorth monitor,espanola,sun media corporation,,,,,,
midtown post,toronto,post city magazines,,,,,,
millbrook times,millbrook,millbrook times,,,,,,
minden times,minden,sun media corporation,the times,,,,,
minto express,harriston,metroland media group ltd.,,,,,,
mississauga news,mississauga,metroland media group ltd.,,,,,,
mississauga news apartment edition,mississauga,metroland media group ltd.,,,,,,
mississauga news this week,mississauga,metroland media group ltd.,,,,,,
mitchell advocate,mitchell,postmedia network inc.,advocate,,,,,
mitchell advocate,mitchell,sun media corporation,advocate,,,,,
morrisburg leader,morrisburg,the morrisburg leader ltd.,the leader,,,,,
mount forest bizbull,mount%20forest,john benns and campbell clark,bizbull,,,,,
mount forest confederate,mount%20forest,metroland media group ltd.,,,,,,
mountain news,hamilton,metroland media group ltd.,,,,,,
muskoka district weekender,muskoka,metroland media group ltd.,,,,,,
muskoka sun,bracebridge,metroland media group ltd.,,,,,,
muskokaregion.com,muskoka,metroland media group ltd.,,,,,,
napanee beaver,napanee,napanee beaver ltd.,,,,,,
napanee guide,napanee,postmedia network inc.,,,,,,
napanee guide,napanee&lennox&addington,postmedia network inc.,,,,,,
napanee guide,napanee&lennox&addington,sun media corporation,,,,,,
new credit reporter,brantford,tekawennake publications,,,,,,
new hamburg independent,new%20hamburg,metroland media group ltd.,,,,,,
new tecumseh times,beeton,london publishing corporation,beeton new tecumseth times,,,,,
new tecumseh times,beeton&new%20tecumseth,london publishing corporation,beeton new tecumseth times,,,,,
newmarket/aurora era banner/aurora banner,newmarket&aurora,metroland media group ltd.,,,,,1,
news,embrun,compagnie d'edition andre paquette,,,,,,
news,kincardine,sun media corporation,,,,,,
news,terrace%20bay&schreiber,lakeshore community publishing,,,,,,
news,tillsonburg,postmedia network inc.,,,,,,
news,tillsonburg,sun media corporation,,,,,,
news advertiser,ajax&pickering,metroland media group ltd.,,,,,,
news express,fergus&elora,metroland media group ltd.,,,,,,
news record,clinton,postmedia network inc.,,,,,,
news record,clinton,sun media corporation,,,,,,
newsnow,grimsby&lincoln&west%20lincoln,mike williscraft,,,,,,
newsnow,grimsby&lincoln&west%20lincoln,ontario ltd.,,,,,,
newsnow,grimsby&lincoln&west%20lincoln,,,,,,,
newsrecord,delhi,postmedia network inc.,,,,,,
newsrecord,delhi,sun media corporation,,,,,,
newstribune,blenheim,blenheim publishers,,,,,,
the niagara advance,niagara%20on%20the%20lake,postmedia network inc.,niagara advance,,,,,1
niagara advance,niagara%20on%20the%20lake,postmedia network inc.,,,,,,1
niagara advance,niagara%20on%20the%20lake,sun media corporation,,,,,,1
niagara news,thorold,sun media corporation,thorold niagara news,,,,,1
niagara this week,niagara,metroland media group ltd.,,,,,,
niagara this week town crier,niagara%20on%20the%20lake,metroland media group ltd.,,,,,,
"niagara this week, fort erie post",fort%20erie,metroland media group ltd.,,,,,,
"niagara this week, the leader",port%20colborne,metroland media group ltd.,,,,,,
nipigonred rock gazette,nipigon&red%20rock,lakeshore community publishing,gazette,lakeshore community publishing ltd.,,,,
nipigonred rock gazette,nipigon&red%20rock,lakeshore community publishing ltd.,gazette,,,,,
nipissing news,north%20bay,metroland media group ltd.,,,,,,
norfolk news,norfolk,metroland media group ltd.,,,,,,1
north grenville times,north%20grenville,north grenville times inc.,,,,,,
north grenville times,oxford%20mills,north grenville times inc.,,,,,,
north grenville times,oxford%20mills,,,,,,,
north renfrew times,deep%20river,deep river community assn. inc.,,,,,,
north renfrew times,deep%20river,digest media inc.,,,,,,
north shore sentinel,thessalon,rankin publications,,,,,,
north star,parry%20sound,metroland media group ltd.,,,,,,
north toronto post,toronto,post city magazines,,,,,,
north toronto town crier,toronto,streeter publications ltd.,,,,,,
north york mirror,north%20york,metroland media group ltd.,,,,,,
north york post,toronto,post city magazines,,,,,,
northern life,sudbury,laurentian media group,,,,,,
northern news,kirkland%20lake,postmedia network inc.,,,,,,
northern news,kirkland%20lake,sun media corporation,,,,,,
northern news this week,kirkland%20lake,postmedia network inc.,,,,,,
northern sun news,red%20lake,red lake digital media,,,,,,
northern times,kapuskasing,postmedia network inc.,,,,,,
northern times,kapuskasing,sun media corporation,,,,,,
northumberland news,cobourg&port%20hope&colborne,metroland media group ltd.,,,,,,
northumberlandtoday.com,northumberland&cobourg&port%20hope&colborne,sun media corporation,northumberland today,,,,,1
norwich gazette,norwich,sun media corporation,gazette,,,,,
nouvelles les,timmins,postmedia network inc.,,,,,,
nouvelles les,timmins,sun media corporation,,,,,,
ntw town crier,niagara%20on%20the%20lake,metroland media group ltd.,niagara this week town crier,,,,,
oakville beaver,oakville,metroland media group ltd.,beaver,,,,,
oakville today,oakville,metroland media group ltd.,,,,,,
observateur l,london,l'observateur (london),,,,,,
observer,elmira&woolwich,cathedral communications inc.,,,,,,
orangeville banner,orangeville,metroland media group ltd.,the banner,,,,,
orangeville citizen,orangeville,london publishing corporation,,,,,,
orillia today,orillia,metroland media group ltd.,,,,,,
orleans news,orleans,metroland media group ltd.,,,,,,1
orleans star,orleans,sherwin publishing inc.,,,,,,
orleans star,orleans,tc.transcontinental,,,,,,
orono weekly times,orono,orono weekly times,,,,,,
oshawa express,oshawa,dowellman publishing corp,,,,,,
oshawa this week,oshawa,metroland media group ltd.,,,,,,
"ottawa community voice, alta vistacanterbury",ottawa,ottawa community voice publishing company inc.,,,,,,
"ottawa community voice, greenborosouth keys",ottawa,ottawa community voice publishing company inc.,,,,,,
"ottawa community voice, hunt clubriverside park",ottawa,ottawa community voice publishing company inc.,,,,,,
"ottawa community voice, kanatastittsville",ottawa,ottawa community voice publishing company inc.,,,,,,
"ottawa community voice, west carleton",ottawa,ottawa community voice publishing company inc.,,,,,,
ottawa east news,ottawa,metroland media group ltd.,,,,,,1
ottawa embassy,ottawa,hill times publishing inc.,embassy,,,,,
ottawa south news,ottawa,metroland media group ltd.,,,,,,1
ottawa west news,ottawa,metroland media group ltd.,,,,,,1
our london,london,metroland media group ltd.,,,,,,1
paris star,paris,sun media corporation,star,,,,,
parkdaleliberty villager,toronto,metroland media group ltd.,,,,,,
parkhill gazette,parkhill,hayter-walden publications inc.,gazette,,,,,
parry sound beacon star,parry%20sound,metroland media group ltd.,beacon star,,,,,
parry sound north star,parry%20sound,metroland media group ltd.,north star,,,,,
pelham news,fonthill,postmedia network inc.,,,,,,1
pelham news,fonthill,sun media corporation,,,,,,1
pembroke observer and news,pembroke,postmedia network inc.,observer and news,,,,,
perth courier,perth,metroland media group ltd.,,,,,,
petawawa post,petawawa,canadian forces morale and welfare services (cfmws),post,,,,,
petawawa post,petawawa,department of national defence,post,,,,,
peterborough this week,peterborough,metroland media group ltd.,,,,,,
petrolia topic,petrolia,postmedia network inc.,,,,,,
petrolia topic,petrolia,sun media corporation,,,,,,
pickering news advertiser,ajax&pickering,metroland media group ltd.,news advertiser,,,,,
picton county weekly news,picton,postmedia network inc.,,,,,,
picton county weekly news,picton,sun media corporation,,,,,,
picton gazette,prince%20edward,napanee beaver ltd.,,,,,,
port dover maple leaf,port%20dover,port dover maple leaf limited,,,,,,
port perry star,port%20perry,metroland media group ltd.,,,,,,
post,cfb%20petawawa,department of national defence,,,,petawawa,,
post,petawawa,department of national defence,,,,,,
prescott journal,prescott,st. lawrence printing co. ltd.,,,,,,
prescott journal,prescott,the morris group,,,,,,
quinte west news,quinte%20west,metroland media group ltd.,,,,,,1
r??gional le,hamilton&niagara&kitchener&welland,altomedia inc.,le regional,,,,,
rainy river record,rainy%20river,fort frances times ltd.,,,,,,
record,chesterville,etcetera publications,,,,,,
recorder,mattawa,ontario inc.,,,,,,
red lake northern sun news,red%20lake,red lake digital media,northern sun news,,,,,
reflet,embrun,compagnie d'edition andre paquette,,,,,,
rempart le,windsor,les pubs. des grands-lacs,,,,,,
renfrew mercury,renfrew,metroland media group ltd.,,,,,,
reporter,gananoque,postmedia network inc.,,,,,,
reporter,gananoque,sun media corporation,,,,,,
review mirror,westport,the mirror group,,,,,,
richmond hill post,toronto,post city magazines,,,,,,
richmond hill/thornhill liberal,richmond%20hill&thornhill,metroland media group ltd.,the liberal,,,,,
river town times,amherstburg,river town times,,,,,,
river town times,amherstburg,southpoint publishing inc.,,,,,,
rockland vision,rockland,vision,vision,,,,,
russell villager,russell,etcetera publications,,,,,,
sachem extra haldimand county news,caledonia,ontario ltd.,,,,,,
salam toronto,toronto,salam toronto publications,,,,,,
sarnia journal,sarnia,sarnia media group inc.,,,,,,
sarnia journal,sarnia,the sarnia journal,,,,,,
sarnia/lambton this week,sarnia,postmedia network inc.,,,,,,
sarnia/lambton this week,sarnia,sun media corporation,,,,,,
sault this week,sault%20ste.%20marie,postmedia network inc.,this week,,,,,
sault this week,sault%20ste.%20marie,sun media corporation,this week,,,,,
scarborough mirror,scarborough,metroland media group ltd.,,,,,,
scene,london,scene communications,,,,,,
scugog standard,port%20perry,scugog standard shareholders inc.,the standard,,,,,
seaway news,cornwall,icimedias inc.,,,,,,
seaway news,cornwall,tc.transcontinental,,,,,,
sentinel,lucknow,postmedia network inc.,,,,,,
sentinel,lucknow,sun media corporation,,,,,,
shelburne free press & economist,shelburne,london publishing corporation,,,,,,
shelburne free press & economist & economist,shelburne,london publishing corporation,shelburne free press & economist ,,,,,
shoreline beacon,port%20elgin,sun media corporation,,,,,,
shoreline beaconon,port%20elgin,postmedia network inc.,shoreline beacon,,,,,
shoreline beaconon,port%20elgin,sun media corporation,shoreline beacon,,,,,
shoreline week,tecumseh&st.%20clair%20beach&windsor,postmedia network inc.,,,,,,
signalstar,goderich,postmedia network inc.,,,,,,
signalstar,goderich,sun media corporation,,,,,,
signpost,dorchester,dorchester signpost,,,,,,
simcoe times reformer,simcoe,sun media corporation,times reformer,,,,,
sioux lookout bulletin,sioux%20lookout,ontario inc.,,,,,,
smiths falls record news,smiths%20falls,metroland media group ltd.,,,,,,
snap 1000 islands,1000%20islands&brockville,snapd inc.,,,,,,
snap ajax,ajax,snapd inc.,,,,,,
snap annex,toronto,snapd inc.,,,,,,
snap aurora,aurora,snapd inc.,,,,,,
snap barrie,barrie,snapd inc.,,,,,,
snap beach/danforth,toronto,snapd inc.,,,,,,
snap bloor west,toronto,snapd inc.,,,,,,
snap brampton,brampton,snapd inc.,,,,,,
snap burlington,burlington,snapd inc.,,,,,,
snap cabbagetown,toronto,snapd inc.,,,,,,
snap caledon,caledon,snapd inc.,,,,,,
snap cambridge,cambridge,snapd inc.,,,,,,
snap clarington,clarington,snapd inc.,,,,,,
snap college,toronto,snapd inc.,,,,,,
snap downtown toronto,toronto,snapd inc.,,,,,,
snap dufferin,dufferin%20&orangeville,snapd inc.,,,,,,
snap etobicoke,etobicoke,snapd inc.,,,,,,
snap georgina,georgina,snapd inc.,,,,,,
snap guelph,guelph,snapd inc.,,,,,,
snap haldimandnorfolk,haldimand-norfolk,snapd inc.,,,,,,
snap hamilton,hamilton,snapd inc.,,,,,,
snap ingersoll,ingersoll,snapd inc.,,,,,,
snap kingston,kingston,snapd inc.,,,,,,
snap kitchener/waterloo,kitchener&waterloo,snapd inc.,,,,,,
snap london,london,snapd inc.,,,,,,
snap markham,markham,snapd inc.,,,,,,
snap midland/penetang,midland&penetanguishene,snapd inc.,,,,,,
snap milton,milton,snapd inc.,,,,,,
snap newmarket,newmarket,snapd inc.,,,,,,
snap niagara falls,niagara%20falls,snapd inc.,,,,,,
snap north bay,north%20bay,snapd inc.,,,,,,
snap north mississauga,mississauga,snapd inc.,,,,,,
snap north toronto,toronto,snapd inc.,,,,,,
snap north york,toronto,snapd inc.,,,,,,
snap northumberland west,northumberland%20west,snapd inc.,,,,,,
snap oakville,oakville,snapd inc.,,,,,,
snap orillia,orillia,snapd inc.,,,,,,
snap oshawa,oshawa,snapd inc.,,,,,,
snap perth,perth,snapd inc.,,,,,,
snap peterborough,peterborough,snapd inc.,,,,,,
snap pickering,pickering,snapd inc.,,,,,,
snap queen,toronto,snapd inc.,,,,,,
snap quinte,quinte,snapd inc.,,,,,,
snap richmond hill,richmond%20hill,snapd inc.,,,,,,
snap sault ste. marie,sault%20ste.%20marie,snapd inc.,,,,,,
snap scarborough,scarborough,snapd inc.,,,,,,
snap south mississauga,mississauga,snapd inc.,,,,,,
snap south simcoe,south%20simcoe,snapd inc.,,,,,,
snap st. catharines,st.%20catharines,snapd inc.,,,,,,
snap st. lawrence,st.%20lawrence,snapd inc.,,,,,,
snap stouffville/uxbridge,stouffville&uxbridge,snapd inc.,,,,,,
snap sudbury,sudbury,snapd inc.,,,,,,
snap tillsonburg,tillsonburg,snapd inc.,,,,,,
snap toronto central,toronto,snapd inc.,,,,,,
snap vaughan east,vaughan,snapd inc.,,,,,,
snap village,toronto,snapd inc.,,,,,,
snap whitby,whitby,snapd inc.,,,,,,
snap windsor,windsor,snapd inc.,,,,,,
snap woodbridge,woodbridge,snapd inc.,,,,,,
snap woodstock,woodstock,snapd inc.,,,,,,
south bruce independent extra,kincardine,london publishing corporation,,,,,,
south bruce weekender,kincardine,london publishing corporation,south bruce independent extra,,,,,
south side story,sudbury,sudbury south side story,,,,,,
southpoint sun,leamington,jim heyens and sheila mcbrayne,,,,,,
southpoint sun,leamington,southpoint publishing inc.,,,,,,
southpoint sun journal,leamington&wheatley,southpoint publishing inc.,southpoint sun ,,,,,
springwater news,elmvale,springwater news,,,,,,
st. lawrence news,brockville,metroland media group ltd.,,,,,,1
st. marys independent,st.%20marys,grant haven management inc.,,,,,,
st. marys independent,st.%20marys,st. marys independent,,,,,,
st. thomas/elgin weekly news,st.%20thomas&elgin,metroland media group ltd.,weekly news,,,,,1
standard,elliot%20lake,postmedia network inc.,,,,,,
standard,elliot%20lake,sun media corporation,,,,,,
standard,forest,hayter-walden publications inc.,,,,,,
standard,port%20perry&uxbridge,scugog standard shareholders inc.,the standard,,,,,
standard guide advocate,forest,hayter-walden publications inc.,,,,,,
standard guide advocate,forest&watford,hayter-walden publications inc.,,,,,,
star,paris,postmedia network inc.,,,,,,
star,paris,sun media corporation,,,,,,
stayner sun,stayner,metroland media group ltd.,the sun,,,stayner,,
stirling/northeast emc,stirling&northeast,metroland media group ltd.,,,,,,
stittsville news,stittsville,metroland media group ltd.,,,,,,1
stoney creek news,stoney%20creek,metroland media group ltd.,,,,,,
stouffville suntribune,stouffville,metroland media group ltd.,sun tribune,,,,,
stratford gazette,stratford,metroland media group ltd.,,,,,,1
stratford marketplace,stratford,sun media corporation,marketplace,,,,,
strathroy age dispatch,strathroy,sun media corporation,age dispatch,,,,,
streeter central toronto,toronto,streeter publications ltd.,,,,,,
streeter forest hill,toronto,streeter publications ltd.,,,,,,
streeter leaside,toronto,streeter publications ltd.,,,,,,
streeter north toronto,toronto,streeter publications ltd.,,,,,,
sudbury northern life,sudbury,laurentian media group,northern life,,,,,
suntribune,stouffville,metroland media group ltd.,sun tribune,,,,,
tandem,vaughan,vaughan tandem,,,,,,
tavistock gazette,tavistock,tavistock gazette ltd.,gazette,,,,,
tecumseh/st. clair beach/windsor shoreline week,tecumseh&st.%20clair%20beach&windsor,postmedia network inc.,shoreline week,,,,,
temiskaming speaker,new%20liskeard,london publishing corporation,,,,,,
temiskaming speaker,new%20liskeard,temiskaming printing co. ltd.,,,,,,
temiskaming speakers weekender,new%20liskeard,london publishing corporation,,,,,,
temiskaming speakers weekender,new%20liskeard,temiskaming printing co. ltd.,,,,,,
terrace bayschreiber news,terrace%20bay&schreiber,lakeshore community publishing,news,lakeshore community publishing ltd.,,,,
terrace bayschreiber news,terrace%20bay&schreiber,lakeshore community publishing ltd.,news,,,,,
thamesville herald,thamesville,allison humphrey,herald,,,,,
the advance,flesherton,dundalk herald publishing,advance,,,,,
the advocate,erin,metroland media group ltd.,,,,,,
the algoma news review,wawa,wawa print & litho inc.,,,,,,
the auroran,aurora,london publishing corporation,,,,,,
the bancroft times,bancroft,bancroft times,bancroft times,,,,,
the bancroft times,bancroft,white pine media corp.,bancroft times,,,,,
the banner,orangeville,metroland media group ltd.,,,,,,
the bay observer,burlington&hamilton,the bay observer,,,,,,
the beaver,oakville,metroland media group ltd.,beaver,,,,,
the bulletin,toronto,community bulletin newspaper group,the downtown bulletin,,,,,
the burford advance,burford,david and emma johnston,,,,,,
the burford times,burford,burford times,burford times,,,,,
the chatham voice,chatham,ck media,,,,,,
the chesterville record,chesterville,etcetera publications,,,,,,
the community press,belleville&quinte,postmedia network inc.,,,,,,
the community press,belleville&quinte,sun media corporation,,,,,,
the community press / la presse communautaire,kapuskasing,la presse communautaire,,,,,,
the connection,collingwood&wasaga,metroland media group ltd.,,,,,,
the downtown bulletin,toronto,community bulletin newspaper group,,,,,,
the echo,manitouwadge,manitouwadge echo,,,,,,
the echo,port%20stanley,mile maple publishing inc.,,,,,,
the eganville leader,eganville,eganville leader publishing ltd.,eganville leader,,,,,
the epoch times english edition  toronto,toronto,epoch times media inc.,epoch times,,,,,
the free press,midland,sun media corporation,,,,,,
the frontenac news,sharbot%20lake,the frontenac news,,,,,,
the gazette,parkhill,hayter-walden publications inc.,gazette,,,,,
the haldimand press,haldimand,haldimand advocate limited,,,,,,
the harrow news,harrow,harrow news publishing co. inc.,,,,,,
the herald,thamesville,heather wright,herald,,,,,
the highlander,haliburton,maple key media,highlander,,,,,
the highlander,haliburton,the highlander newspaper limited,highlander,,,,,
the holidayer,kenora,postmedia network inc.,,,,,,
the holidayer,kenora,sun media corporation,,,,,,
the holidayer,kenora,the holidayer,,,,,,
the independent,petrolia,heather wright,,,,,,
the independent,petrolia&lambton,petrolia lambton independent,,,,,,
the kawartha promoter,bobcaygeon,the kawartha promoter,,,,,,
the kincardine independent,kincardine,london publishing corporation,,,,,,
the kincardine news,kincardine,postmedia network inc.,kincardine news,,,,,
the lanark era,lanark%20highlands&lanark,the new lanark era inc.,,,,,,
the leader,morrisburg,the morrisburg leader ltd.,,,,,,
the liberal,richmond%20hill&thornhill,metroland media group ltd.,,,,,,
the liberal,thornhill,metroland media group ltd.,,,,,,
the lights of homeland,canada,lithuanian can. r. c. cultural soc. inc.,,,,,,
the lindsay post,lindsay,sun media corporation,,,,,,
the londoner,london,postmedia network inc.,,,,,,
the londoner,london,sun media corporation,,,,,,
the meaford independent,meaford,tmi publications inc.,,,,,,
the millbrook times,millbrook,millbrook times,millbrook times,,,,,
the mirror,midland&penetanguishene,metroland media group ltd.,,,,,,
the month ahead,newmarket,the month ahead,,,,,,
the musketeers journal,clarence-rockland,musketeers journal,,,,,,
the musketeers journal,clarence-rockland,,,musketeers journal,,,,
the oshawa express,oshawa,dowellman publishing corp,oshawa express,,,,,
the post,hanover,postmedia network inc.,,,,,,
the post,hanover,sun media corporation,,,,,,
the review,vankleek%20hill&hawkesbury,ontario inc.,,,,,,
the sachem,haldimand,metroland media group ltd.,the sachem,,,,,
sachem,haldimand,metroland media group ltd.,the sachem,,,,,
the shield/le bouclier,cfb%20north%20bay,canadian forces morale and welfare services (cfmws),,,,,,
the shield/le bouclier,cfb%20north%20bay,department of national defence,,,,,,
the sioux lookout bulletin,sioux%20lookout,ontario inc.,sioux lookout bulletin,,,,,
the standard,elliot%20lake,postmedia network inc.,standard,,,,,
the standard,port%20perry&uxbridge,the standard news corporation,,,,,,
the sun,stayner,metroland media group ltd.,,,,,,
the sun,wasaga&stayner,metroland media group ltd.,,,,,,
the times,minden,maple key media,,,,,,
the times,minden,white pine media corp.,,,,,,
the times of new tecumseth,beeton&new%20tecumseth,london publishing corporation,new tecumseth times,,,,,
the tweed news,tweed,tweed news publishing co. ltd.,,,,,,
the uxbridge cosmos,uxbridge,cosmos media inc.,,,,,,
the valley gazette,barry's%20bay,the valley gazette,,,,,,
the walkerton herald times,walkerton,metroland media group ltd.,herald times,,,,,
the wasaga sun,wasaga,metroland media group ltd.,wasaga sun,,,,,
the weekender,kapuskasing,postmedia network inc.,,,,,,
the weekender,kapuskasing,sun media corporation,,,,,,
the westend weekly,rainy%20river,westend weekly,,,,,,
the wiarton echo,wiarton,postmedia network inc.,wiarton echo,,,,,
this week,chatham,postmedia network inc.,,,,,,
this week,chatham,sun media corporation,,,,,,
this week,sault%20ste.%20marie,sun media corporation,,,,,,
thoi bao,toronto,thoi bao inc.,,,,,,
thornhill post,toronto,post city magazines,,,,,,
thorold niagara news,thorold,postmedia network inc.,,,,,,1
thorold niagara news,thorold,sun media corporation,,,,,,1
thunder bay source,thunder%20bay,dougall media,,,,,,
thunder bay source,thunder%20bay,thunder bay post inc.,,,,,,
tilbury times,tilbury,postmedia network inc.,,,,,,
tilbury/wheatley this week,chatham,sun media corporation,,,,tilbury,,
tilbury/wheatley this week,tilbury,sun media corporation,,,,,,
tillsonburg independent,tillsonburg,sun media corporation,independent/news,,1,,,
tillsonburg news,tillsonburg,postmedia network inc.,independent/news,,1,,,
tillsonburg news,tillsonburg,sun media corporation,independent/news,,1,,,
times advocate,exeter,metroland media group ltd.,,,,,,
times advocate weekender,exeter,metroland media group ltd.,,,,,,
times reformer,simcoe,postmedia network inc.,,,,,,
times reformer,simcoe,sun media corporation,,,,,,
times star,geraldton,pietsch group inc.,,,,,,
timmins times,timmins,postmedia network inc.,,,,,,
timmins times,timmins,sun media corporation,,,,,,
town & country crier,mildmay,mildmay town and country crier,,,,,,
transcript/free press,glencoe,hayter-walden publications inc.,,,,,,
trent hills independent,campbellford,metroland media group ltd.,,,,,,
trentonian,trenton,postmedia network inc.,,,,,,
trentonian,trenton,sun media corporation,,,,,,
tribune,west%20nipissing,ontario inc.,,,,,,
tribune express,hawkesbury,compagnie d'edition andre paquette,,,,,,
turtle island news,ohsweken,lynda powless,,,,,,
turtle island news,ohsweken,turtle island news publications,,,,,,
two row times,hagersville&six%20nations,garlow media,,,,,,
uxbridge timesjournal,uxbridge,metroland media group ltd.,,,,,,
vaughan citizen,vaughan,metroland media group ltd.,,,,,,
vaughan tandem,vaughan,multimedia nova corporation,tandem,,,,,
vaughan weekly,vaughan,london publishing corporation,,,,,,
village post,toronto,post city magazines,,,,,,
vision,rockland,compagnie d'edition andre paquette,,,,,,
voice of pelham,pelham,ontario limited,,,,,,
walkerton herald times,walkerton,metroland media group ltd.,herald times,,,,,
wallaceburg courier press,wallaceburg,sun media corporation,courier press,,,,,
wasaga sun,wasaga,metroland media group ltd.,,,,,,
waterloo chronicle,waterloo,metroland media group ltd.,,,,,,
watford guideadvocate,watford,hayter-walden publications inc.,guide advocate,,,,,
wawatay news,sioux%20lookout,wawatay native communications society,,,,,,
weekender timesadvance,exeter,postmedia network inc.,times advocate weekender,,,,,1
weekly,king,ontario ltd.,,,,,,
weekly news,st.%20thomas&elgin,metroland media group ltd.,,,,,,1
weekly sentinel,king%20township,london publishing corporation,,,,,,
weekly times,orono,orono weekly times,,,,,,
wellington advertiser,fergus,w.h.a. publications ltd.,,,,,,
wellington times,wellington,kathleen sabyan and rick conroy,,,,,,
west carleton review,arnprior,metroland media group ltd.,,,,arnprior&west%20carleton,,1
west carleton review,west%20carleton,metroland media group ltd.,,,,arnprior&west%20carleton,,1
west elgin chronicle,west%20elgin,sun media corporation,chronicle,,,,,
west nipissing tribune,west%20nipissing,ontario inc.,tribune,,,,,
westport review mirror,westport,the mirror group,review mirror,,,,,
whats up muskoka,muskoka,sun media corporation,,,,,,
wheatley journal,wheatley,wheatley journal,journal,,,,,
whitby this week,whitby,metroland media group ltd.,,,,,,
wiadomosci,mississauga,wiadomosci press inc.,,,,,,
wiarton echo,wiarton,postmedia network inc.,,,,,,
wiarton echo,wiarton,sun media corporation,,,,,,
wicksteed weekly,hornepayne,chitte creek publishing,,,,,,
winchester press,winchester,st. lawrence printing co. ltd.,,,,,,
winchester press,winchester,the morris group,,,,,,
wingham advance times,wingham,metroland media group ltd.,,,,,,
woodbridge advertiser,woodbridge,beverley and karl mallette,advertiser,,,,,
york  city centre neighbourhood voice,toronto,metroland media group ltd.,,,,,,
york guardian,york,metroland media group ltd.,,,,,,
eganville leader,eganville,eganville leader publishing ltd.,leader,,,,,
city centre/york mirror,toronto,metroland media group ltd.,city centre mirror/annex guardian,,,,,
