,AdvNewspaper,AdvCirc,NatlLineRate,SpotColour,ProcessColour,Columns,Lines,MaterialCode,Year,AuditYear,AuditDiff,SplitIssue,AdvCircAllEds,NatlLineRateAllEds,SpotColourAllEds,ProcessColourAllEds,MarketAndNewspaper,_merge1,Removable,ADVCSD,ADVOwner,EDITION,FreeCirculation,Format,Market,Newspaper,Owner,PaidCirculation,Prov,TotalCirculation,Lowner,Address,GPS,StdName2,StdOwner2,double,StdMarket2,RemovableSlash,Swap2017,MarketChange1,Daily,SwapNotInclude,Swap2017Affected,CSDs,first_year,equal_to_previous,FreeCircAllEds,PaidCircAllEds,TotalCircAllEds,EDITION2,_merge2,ID,ID2,EverPaidEDITION,EverFreeEDITION,EverPaid,EverFree,OpCross2017ID,OpCross2017ID2,FreeCirc_Cross17_ID2,PaidCirc_Cross17_ID2,Rate_Cross17_ID2,TotalCirc_Cross17_ID2,OpPost2017,CDs,postmedia,metroland,MetrolandOrPostmedia,Unnamed: 0,GEO UID,Province code,Province name,CD code,CD name,CSD code,CSD name,"Population and dwelling counts / Population, 2016","Population and dwelling counts / Population percentage change, 2011 to 2016",Age & Sex / Both sexes / Average age of the population ; Both sexes,Income / Total Sex / Total / Income statistics in 2015 for the population aged 15 years and over in private households / 100% data / Number of total income recipients aged 15 years and over in private households / 100% data / Median total income in 2015 among recipients ($),"Education / Total Sex / Total / Highest certificate, diploma or degree for the population aged 15 years and over in private households / 25% sample data / Postsecondary certificate, diploma or degree / University certificate, diploma or degree at bachelor level or above",NofID2,MeanMarketRate
1968,northumberland today.com,3806.0,1.12,118.0,353.0,10.0,301.0,3.0,2013-01-01,2012.0,1.0,Friday,3806.0,1.198,118.0,353.0,northumberland today,both,,[nan],,Friday,8389.0,B,northumberland&cobourg&port%20hope&colborne,northumberland today,sun media corporation,1816.0,ON,10205.0,sun media corporation,"['northumberland ,ON, Canada', 'cobourg ,ON, Canada', 'port hope ,ON, Canada', 'colborne ,ON, Canada']","[(44.1096596, -77.9872929), (43.9595998, -78.1677784), (43.9515755, -78.2939704), (44.0050196, -77.8879789)]",northumberland today,,,,,1.0,northumberland cobourg port hope colborne,0.0,0.0,1,Alnwick/Haldimand,2013.0,0.0,8389.0,1816.0,10205.0,Thursday,left_imperfect_match,321,235,1,1,1,1,0,0,0,0,0,0,0,"['Northumberland', 'Northumberland', 'Northumberland', 'Northumberland']",1,0,1,2209,3514024,35,ON,14,Northumberland,24,Alnwick/Haldimand,8.834919385216395,1.5686159179138452,3.817712325956905,10.496399947300228,6.7226297948554485,1,1.198
0,,,,,,,,,2013-01-01,,,,,,,,Barrie Examiner,,,[nan],,,0.0,,Barrie,Examiner,postmedia network inc.,0.0,,0.0,,,,,,,,,1.0,,1.0,1.0,1,Barrie,2013.0,0.0,0.0,0.0,0.0,,right_only,1,1,0,0,0,0,0,0,0,0,0,0,0,['Simcoe'],1,0,1,2394,3543042,35,ON,43,Simcoe,42,Barrie,11.859595526567887,1.589235205116581,3.686376323895818,10.426202220694533,9.87822102528824,2,3.41
245,belleville news,23146.0,1.47,335.0,1160.0,6.0,218.0,5.0,2013-01-01,2012.0,1.0,Thursday,23146.0,1.47,335.0,1160.0,belleville news,both,,[nan],,Thursday,24279.0,T,belleville,belleville news,metroland media group ltd.,0.0,ON,24279.0,metroland media group ltd.,"['belleville ,ON, Canada']","[(44.1633264, -77.3852556)]",,,,,,1.0,belleville,0.0,0.0,1,Belleville,2013.0,0.0,24279.0,0.0,24279.0,Thursday,perfect_match,39,30,0,1,0,1,0,0,0,0,0,0,0,['Hastings'],0,1,1,2189,3512005,35,ON,12,Hastings,5,Belleville,10.834016439096796,1.2809338454620642,3.7932394694381792,10.3307793818704,8.721113147762688,2,1.795
291,,,,,,,,,2013-01-01,,,,,,,,bradford west gwillimbury times,,,[nan],,Thursday,13042.0,T,bradford,bradford west gwillimbury times,sun media corporation,0.0,ON,13042.0,sun media corporation,"['bradford ,ON, Canada']","[(44.1171265, -79.5560133)]",,,,,,1.0,bradford,0.0,0.0,1,Bradford West Gwillimbury,2013.0,0.0,13042.0,0.0,13042.0,Thursday,right_only,48,38,0,1,0,1,0,0,0,0,0,0,0,['Simcoe'],1,0,1,2387,3543014,35,ON,43,Simcoe,14,Bradford West Gwillimbury,10.472374515715389,3.288401887516811,3.6454498961866,10.505204516490187,8.432941638968646,2,1.37
322,brantford brant news,48334.0,2.53,335.0,1160.0,6.0,190.0,5.0,2013-01-01,2012.0,1.0,Thursday,48334.0,2.53,335.0,1160.0,brantford brant news,both,,[nan],,Thursday,48220.0,T,brantford,brant news,metroland media group ltd.,0.0,ON,48220.0,metroland media group ltd.,"['brantford ,ON, Canada']","[(43.1408157, -80.2631733)]",,,,,,1.0,brantford,0.0,0.0,1,Brantford,2013.0,0.0,48220.0,0.0,48220.0,Thursday,perfect_match,53,41,0,1,0,1,0,0,0,0,0,0,0,['Brant'],0,1,1,2285,3529006,35,ON,29,Brant,6,Brantford,11.487576887281786,1.62924053973028,3.7328963395307104,10.361639982923299,9.24048152888817,2,2.53
369,brockville st. lawrence news,,,,,10.0,189.0,10,2013-01-01,2012.0,2.0,Thursday,,,,,brockville st. lawrence news,both,,[nan],,Thursday,28135.0,T,brockville,st. lawrence news,metroland media group ltd.,0.0,ON,28135.0,metroland media group ltd.,"['brockville ,ON, Canada']","[(44.5895925, -75.6843332)]",st. lawrence news,,,,,1.0,brockville,0.0,0.0,1,Brockville,2013.0,0.0,28135.0,0.0,28135.0,Thursday,right_only,58,46,0,1,0,1,0,0,0,0,0,0,0,['Leeds and Grenville'],0,1,1,2159,3507015,35,ON,7,Leeds and Grenville,15,Brockville,9.9686664935611,,3.8607297110405954,10.278184126972656,7.86172707782398,1,
592,northumberland news,22752.0,2.55,335.0,1160.0,10.0,175.0,10.0,2013-01-01,2012.0,1.0,Friday,22752.0,2.55,335.0,1160.0,cobourg port hope colborne northumberland news,both,,[nan],,Friday,22799.0,T,cobourg&port%20hope&colborne,northumberland news,metroland media group ltd.,0.0,ON,22799.0,metroland media group ltd.,"['cobourg ,ON, Canada', 'port hope ,ON, Canada', 'colborne ,ON, Canada']","[(43.9595998, -78.1677784), (43.9515755, -78.2939704), (44.0050196, -77.8879789)]",,,,,,0.0,cobourg port hope colborne,0.0,0.0,1,Cobourg,2013.0,0.0,22799.5,0.0,22799.5,Friday,perfect_match,92,70,0,1,0,1,1,1,1,0,1,1,1,"['Northumberland', 'Northumberland', 'Northumberland']",0,1,1,2208,3514021,35,ON,14,Northumberland,21,Cobourg,9.87513951702064,1.791759469228055,3.914021008090819,10.422013452928306,7.983098940710892,2,1.8739999999999999
636,collingwood enterprise bulletin,17041.0,0.98,186.0,309.0,10.0,287.0,3.0,2013-01-01,2012.0,1.0,Friday,17041.0,0.98,186.0,309.0,collingwood enterprise bulletin,both,,[nan],,Friday,18067.0,B,collingwood,enterprise bulletin,sun media corporation,322.0,ON,18389.0,sun media corporation,"['collingwood ,ON, Canada']","[(44.5027226, -80.2172379)]",enterprise bulletin,,,,,1.0,collingwood,0.0,0.0,1,Collingwood,2013.0,0.0,9038.0,776.0,9814.0,Friday,perfect_match,95,72,1,1,1,1,0,0,0,0,0,0,0,['Simcoe'],1,0,1,2393,3543031,35,ON,43,Simcoe,31,Collingwood,9.989389981536831,2.6602595372658615,3.856510295497887,10.38021850253129,8.259975659768276,2,1.57
590,northumberland news,22752.0,2.55,335.0,1160.0,10.0,175.0,10.0,2013-01-01,2012.0,1.0,Friday,22752.0,2.55,335.0,1160.0,cobourg port hope colborne northumberland news,both,,[nan],,Friday,22799.0,T,cobourg&port%20hope&colborne,northumberland news,metroland media group ltd.,0.0,ON,22799.0,metroland media group ltd.,"['cobourg ,ON, Canada', 'port hope ,ON, Canada', 'colborne ,ON, Canada']","[(43.9595998, -78.1677784), (43.9515755, -78.2939704), (44.0050196, -77.8879789)]",,,,,,0.0,cobourg port hope colborne,0.0,0.0,1,Cramahe,2013.0,0.0,22799.5,0.0,22799.5,Friday,perfect_match,92,70,0,1,0,1,1,1,1,0,1,1,1,"['Northumberland', 'Northumberland', 'Northumberland']",0,1,1,2205,3514014,35,ON,14,Northumberland,14,Cramahe,8.757154527656606,1.7227665977411035,3.8110970868381857,10.393324445863634,6.415096959171596,2,1.8739999999999999
931,fort erie times,11985.0,0.74,88.0,206.0,9.0,160.0,3.0,2013-01-01,2012.0,1.0,Saturday,11985.0,0.74,88.0,206.0,fort erie times,both,,[nan],,Saturday,12168.0,T,fort%20erie,fort erie times,sun media corporation,15.0,ON,12183.0,sun media corporation,"['fort erie ,ON, Canada']","[(42.91308, -78.918611)]",,,,,,1.0,fort erie,0.0,0.0,1,Fort Erie,2013.0,0.0,12168.0,15.0,12183.0,Saturday,perfect_match,149,109,1,1,1,1,0,0,0,0,0,0,0,['Niagara'],1,0,1,2268,3526003,35,ON,26,Niagara,3,Fort Erie,10.33237617558788,1.252762968495368,3.8501476017100584,10.328493815851127,8.125926802707886,2,0.74
2883,stirling northeast emc,11559.0,1.13,335.0,1160.0,6.0,218.0,5.0,2013-01-01,2012.0,1.0,Thursday,11559.0,1.13,335.0,1160.0,stirling northeast emc,both,,[nan],,Thursday,11564.0,T,stirling&northeast,stirling northeast emc,metroland media group ltd.,0.0,ON,11564.0,metroland media group ltd.,"['stirling ,ON, Canada', 'northeast ,ON, Canada']","[(44.2962217, -77.5473774), (46.2897445, -81.40476769489881)]",,,,,,0.0,stirling northeast,0.0,0.0,1,Greater Sudbury / Grand Sudbury,2013.0,0.0,11564.0,0.0,11564.0,Thursday,perfect_match,475,366,0,1,0,1,0,0,0,0,0,0,0,"['Hastings', 'Greater Sudbury / Grand Sudbury']",0,1,1,2512,3553005,35,ON,53,Greater Sudbury / Grand Sudbury,5,Greater Sudbury / Grand Sudbury,11.992458544432093,0.5877866649021191,3.765840495250065,10.542627232264719,10.031044885951003,4,1.8
1165,,,,,,,,,2013-01-01,,,,,,,,hamilton niagara kitchener welland le regional,,,[nan],,Wednesday,4164.0,B,hamilton&niagara&kitchener&welland,le regional,altomedia inc.,76.0,ON,4240.0,altomedia inc.,"['hamilton ,ON, Canada', 'niagara ,ON, Canada', 'kitchener ,ON, Canada', 'welland ,ON, Canada']","[(43.2560802, -79.8728583), (43.0631891, -79.3098089), (43.451291, -80.4927815), (42.9922181, -79.2484192)]",le regional,,,,,0.0,hamilton niagara kitchener welland,0.0,0.0,1,Hamilton,2013.0,0.0,4164.0,76.0,4240.0,Wednesday,right_only,181,133,1,1,1,1,1,1,0,0,0,0,1,"['Hamilton', 'Niagara', 'Waterloo', 'Niagara']",0,0,0,2206,3514019,35,ON,14,Northumberland,19,Hamilton,9.300455261418444,1.1631508098056809,3.817712325956905,10.572982204430845,7.255591274253665,9,1.8800000000000001
5,,,,,,,,,2013-01-01,,,,,,,,Innisfil Examiner,,,[nan],,,0.0,,Innisfil,Examiner,postmedia network inc.,0.0,,0.0,,,,,,,,,1.0,,0.0,1.0,1,Innisfil,2013.0,0.0,0.0,0.0,0.0,,right_only,2,2,0,0,0,0,0,0,0,0,0,0,0,['Simcoe'],1,0,1,2389,3543017,35,ON,43,Simcoe,17,Innisfil,10.506901473323946,2.5416019934645457,3.730501128804756,10.464844680601267,8.156510226079966,3,1.385
1436,kingston emc,44717.0,1.41,335.0,1160.0,6.0,218.0,5.0,2013-01-01,2012.0,1.0,Thursday,44717.0,1.41,335.0,1160.0,kingston emc,left_only,,['Kingston'],,Thursday,,,,,,,,,,,,,,,,,0.0,,,,1,Kingston,,,,,,,left_only,225,167,0,0,0,0,0,0,0,0,0,0,0,['Frontenac'],0,0,0,2178,3510010,35,ON,10,Frontenac,10,Kingston,11.726414561655583,0.3364722366212129,3.768152635008444,10.464102840804633,10.251535389774341,3,2.665
1168,,,,,,,,,2013-01-01,,,,,,,,hamilton niagara kitchener welland le regional,,,[nan],,Wednesday,4164.0,B,hamilton&niagara&kitchener&welland,le regional,altomedia inc.,76.0,ON,4240.0,altomedia inc.,"['hamilton ,ON, Canada', 'niagara ,ON, Canada', 'kitchener ,ON, Canada', 'welland ,ON, Canada']","[(43.2560802, -79.8728583), (43.0631891, -79.3098089), (43.451291, -80.4927815), (42.9922181, -79.2484192)]",le regional,,,,,0.0,hamilton niagara kitchener welland,0.0,0.0,1,Kitchener,2013.0,0.0,4164.0,76.0,4240.0,Wednesday,right_only,181,133,1,1,1,1,1,1,0,0,0,0,1,"['Hamilton', 'Niagara', 'Waterloo', 'Niagara']",0,0,0,2290,3530013,35,ON,30,Waterloo,13,Kitchener,12.359750356382381,2.0014800002101243,3.6888794541139363,10.449323113491568,10.647470422798568,4,2.9333333333333336
2556,,,,,,,,,2015-01-01,,,,,,,,snap 1000 islands,,,[nan],,Monthly,7000.0,T,1000%20islands&brockville,snap 1000 islands,snapd inc.,0.0,ON,7000.0,snapd inc.,"['1000 islands ,ON, Canada', 'brockville ,ON, Canada']","[(44.4318712, -75.8853212), (44.5895925, -75.6843332)]",,,,,,0.0,1000 islands brockville,0.0,0.0,1,Leeds and the Thousand Islands,2015.0,0.0,7000.0,0.0,7000.0,Monthly,right_only,415,308,0,1,0,1,1,1,0,0,0,0,1,"['Leeds and Grenville', 'Leeds and Grenville']",0,0,0,2161,3507021,35,ON,7,Leeds and Grenville,21,Leeds and the Thousand Islands,9.155461710466193,1.0986122886681098,3.8522730010223722,10.48885462591948,7.069874128458572,1,
1544,london community news,,2.15,335.0,1160.0,10.0,175.0,10.0,2013-01-01,0.0,2013.0,Thursday,,2.15,335.0,1160.0,london community news,both,,[nan],,Thursday,132000.0,B,london,london community news,metroland media group ltd.,0.0,ON,132000.0,metroland media group ltd.,"['london ,ON, Canada']","[(42.9832406, -81.243372)]",,,,,,0.0,london,0.0,0.0,1,London,2013.0,0.0,132000.0,0.0,132000.0,Thursday,perfect_match,247,183,0,1,0,1,0,0,0,0,0,0,0,['Middlesex'],0,1,1,2350,3539036,35,ON,39,Middlesex,36,London,12.857936787805519,1.7578579175523736,3.7256934272366524,10.392067567354799,11.291979497199506,4,2.545
1663,meaford express,,,,,10.0,161.0,10.0,2013-01-01,2014.0,1.0,Wednesday,,,,,meaford express,both,,[nan],,Wednesday,0.0,B,meaford,meaford express,metroland media group ltd.,1324.0,ON,1324.0,metroland media group ltd.,"['meaford ,ON, Canada']","[(44.6069298, -80.5916531)]",,,,,,1.0,meaford,0.0,0.0,1,Meaford,2013.0,0.0,0.0,1324.0,1324.0,Wednesday,right_only,263,197,1,1,1,1,0,0,0,0,0,0,0,['Grey'],0,1,1,2380,3542047,35,ON,42,Grey,47,Meaford,9.30492301446213,-inf,3.8897773964808264,10.379690675149634,7.421177528595393,1,
1876,niagara advance,7427.0,0.73,88.0,206.0,9.0,160.0,3.0,2013-01-01,2012.0,1.0,Wednesday,7427.0,0.73,88.0,206.0,niagara advance,both,,[nan],,Thursday,7424.0,T,niagara%20on%20the%20lake,niagara advance,sun media corporation,23.0,ON,7447.0,sun media corporation,"['niagara on the lake ,ON, Canada']","[(43.2556116, -79.0723264)]",niagara advance,,,,,1.0,niagara on the lake,0.0,0.0,1,Niagara-on-the-Lake,2013.0,0.0,7424.0,23.0,7447.0,Thursday,right_imperfect_match,305,224,1,1,1,1,0,0,0,0,0,0,0,['Niagara'],1,0,1,2276,3526047,35,ON,26,Niagara,47,Niagara-on-the-Lake,9.7706416392027,2.6878474937846906,3.92395157629342,10.52430594648344,8.38958706681109,2,0.73
698,delhi news record,542.0,1.07,135.0,400.0,9.0,160.0,3.0,2013-01-01,2012.0,1.0,Wednesday,542.0,1.07,135.0,400.0,delhi newsrecord,both,,[nan],,Wednesday,0.0,T,delhi,newsrecord,sun media corporation,506.0,ON,506.0,sun media corporation,"['delhi ,ON, Canada']","[(42.8544957, -80.4983709)]",newsrecord,,,,,0.0,delhi,0.0,0.0,1,Norfolk County,2013.0,0.0,0.0,506.0,506.0,Wednesday,perfect_match,106,78,1,0,1,0,1,1,0,0,1,0,1,['Haldimand-Norfolk'],1,0,1,2283,3528052,35,ON,28,Haldimand-Norfolk,52,Norfolk County,11.067341240265236,0.8754687373538999,3.817712325956905,10.382884426798459,8.627123250788433,2,0.8600000000000001
17,,,,,,,,,2013-01-01,,,,,,,,Orillia Orillia Packet and Times,,,[nan],,,0.0,,Orillia,Orillia Packet and Times,postmedia network inc.,0.0,,0.0,,,,,,,,,1.0,,1.0,1.0,1,Orillia,2013.0,0.0,0.0,0.0,0.0,,right_only,4,4,0,0,0,0,0,0,0,0,0,0,0,['Simcoe'],1,0,1,2396,3543052,35,ON,43,Simcoe,52,Orillia,10.347115121738641,1.0647107369924282,3.8308129500026027,10.296238848224217,8.254788926148725,2,2.88
200,barrhaven independent,,,,,6.0,220.0,5.0,2013-01-01,0.0,2015.0,Friday,,,,,barrhaven independent,both,,[nan],,Friday,17138.0,T,barrhaven,barrhaven independent,the morris group,0.0,ON,17138.0,the morris group,"['barrhaven ,ON, Canada']","[(45.280172, -75.759707)]",,,,,,0.0,barrhaven,0.0,0.0,1,Ottawa,2013.0,0.0,17138.0,0.0,17138.0,Friday,right_only,31,23,0,1,0,1,1,1,1,0,1,1,1,['Ottawa'],0,0,0,2154,3506008,35,ON,6,Ottawa,8,Ottawa,13.74749292506326,1.916922612182061,3.716008121502189,10.642038216549922,12.566195139831894,15,2.1746153846153846
10,,,,,,,,,2013-01-01,,,,,,,,Niagara Falls Review,,,[nan],,,0.0,,Niagara Falls,Review,postmedia network inc.,0.0,,0.0,,,,,,,,,1.0,,1.0,1.0,1,Pelham,2013.0,0.0,0.0,0.0,0.0,,right_only,3,3,0,0,0,0,1,1,0,0,0,0,1,['Niagara'],0,0,1,2272,3526028,35,ON,26,Niagara,28,Pelham,9.747476810531971,1.410986973710262,3.845883202923601,10.628956704558197,8.262558973010657,5,1.633333333333333
22,,,,,,,,,2013-01-01,,,,,,,,Peterborough Examiner,,,[nan],,,0.0,,Peterborough,Examiner,postmedia network inc.,0.0,,0.0,,,,,,,,,1.0,,1.0,1.0,1,Peterborough,2013.0,0.0,0.0,0.0,0.0,,right_only,5,5,0,0,0,0,1,1,0,0,0,0,1,['Peterborough'],0,0,1,2216,3515014,35,ON,15,Peterborough,14,Peterborough,11.30261175809412,1.3609765531356006,3.7954891891721947,10.310318394272075,9.501964663660587,2,3.91
1268,port colborne inport news,11055.0,0.88,147.0,368.0,9.0,160.0,3.0,2013-01-01,2012.0,1.0,Thursday,11055.0,0.88,147.0,368.0,in port news,both,,[nan],,Thursday,10623.0,B,port%20colborne,in port news,sun media corporation,0.0,ON,10623.0,sun media corporation,"['port colborne ,ON, Canada']","[(42.8862392, -79.2513905)]",,,,,,1.0,port colborne,0.0,0.0,1,Port Colborne,2013.0,0.0,10623.0,0.0,10623.0,Wednesday,left_imperfect_match,197,145,0,1,0,1,0,0,0,0,0,0,0,['Niagara'],1,0,1,2269,3526011,35,ON,26,Niagara,11,Port Colborne,9.815038779351015,-0.916290731874155,3.8607297110405954,10.308219058290542,7.340186835320115,2,0.88
591,northumberland news,22752.0,2.55,335.0,1160.0,10.0,175.0,10.0,2013-01-01,2012.0,1.0,Friday,22752.0,2.55,335.0,1160.0,cobourg port hope colborne northumberland news,both,,[nan],,Friday,22799.0,T,cobourg&port%20hope&colborne,northumberland news,metroland media group ltd.,0.0,ON,22799.0,metroland media group ltd.,"['cobourg ,ON, Canada', 'port hope ,ON, Canada', 'colborne ,ON, Canada']","[(43.9595998, -78.1677784), (43.9515755, -78.2939704), (44.0050196, -77.8879789)]",,,,,,0.0,cobourg port hope colborne,0.0,0.0,1,Port Hope,2013.0,0.0,22799.5,0.0,22799.5,Friday,perfect_match,92,70,0,1,0,1,1,1,1,0,1,1,1,"['Northumberland', 'Northumberland', 'Northumberland']",0,1,1,2207,3514020,35,ON,14,Northumberland,20,Port Hope,9.726392314713754,1.4586150226995167,3.8628327612373745,10.4690002054518,7.730174795246222,2,1.8739999999999999
530,,,,,,,,,2013-01-01,,,,,,,,cfb trenton contact,,,[nan],,Friday,3000.0,T,cfb%20trenton,contact,department of national defence,0.0,ON,3000.0,department of national defence,"['cfb trenton ,ON, Canada']","[(44.118372550000004, -77.53340414128267)]",contact,department of national defence,,,,0.0,cfb trenton,0.0,0.0,1,Quinte West,2013.0,0.0,3000.0,0.0,3000.0,Friday,right_only,80,62,0,1,0,1,1,1,0,0,0,0,1,['Hastings'],0,0,0,2190,3512015,35,ON,12,Hastings,15,Quinte West,10.682307714834224,0.7419373447293773,3.7773481021015445,10.396688774948379,8.11102783819368,3,1.16
1554,,,,,,,,,2013-01-01,,,,,,,,london sarnia woodstock action l,,,[nan],,Wednesday,812.0,T,london&sarnia&woodstock,action l,altomedia inc.,1648.0,ON,2460.0,altomedia inc.,"['london ,ON, Canada', 'sarnia ,ON, Canada', 'woodstock ,ON, Canada']","[(42.9832406, -81.243372), (42.9746137, -82.4065585), (43.1301111, -80.7562977)]",,,,,,0.0,london sarnia woodstock,0.0,0.0,1,Sarnia,2013.0,0.0,812.0,1648.0,2460.0,Wednesday,right_only,249,185,1,1,1,1,1,1,0,0,0,0,1,"['Lambton', 'Middlesex', 'Oxford']",0,0,0,2336,3538030,35,ON,38,Lambton,30,Sarnia,11.178780518108107,,3.8044377947482086,10.429221493035238,9.16282938930513,2,1.49
943,frontenac gazette,,,,,10.0,189.0,10,2013-01-01,2012.0,2.0,Thursday,,,,,frontenac gazette,both,,[nan],,Thursday,8515.0,T,frontenac,frontenac gazette,metroland media group ltd.,0.0,ON,8515.0,metroland media group ltd.,"['frontenac ,ON, Canada']","[(44.6102902, -76.6330415)]",,,,,,1.0,frontenac,0.0,0.0,1,South Frontenac,2013.0,0.0,8515.0,0.0,8515.0,Thursday,right_only,152,111,0,1,0,1,0,0,0,0,0,0,0,['Frontenac'],0,1,1,2179,3510020,35,ON,10,Frontenac,20,South Frontenac,9.833440554224094,1.3609765531356006,3.784189633918261,10.613541013162433,7.886457270977689,2,3.92
865,exeter times advocate,2888.0,0.96,335.0,1160.0,10.0,175.0,10.0,2013-01-01,2012.0,1.0,Wednesday,2888.0,0.96,335.0,1160.0,exeter times advocate,both,,[nan],,Friday,10500.0,T,exeter,times advocate,metroland media group ltd.,0.0,ON,10500.0,metroland media group ltd.,"['exeter ,ON, Canada']","[(43.3449871, -81.4801081)]",times advocate,,,,,1.0,exeter,0.0,0.0,1,South Huron,2013.0,0.0,5273.0,1392.0,6665.0,Friday,right_imperfect_match,136,100,0,1,0,1,0,1,1,1,1,1,0,['Huron'],0,0,1,2354,3540005,35,ON,40,Huron,5,South Huron,9.219993629004321,0.9162907318741551,3.8480176754522337,10.415891929415332,6.68586094706836,2,1.01
2868,st. thomas elgin weekly news,30369.0,0.8,,,10.0,175.0,10.0,2013-01-01,2012.0,1.0,Thursday,30369.0,0.8,,,st. thomas elgin weekly news,both,,[nan],,Thursday,30369.0,T,st.%20thomas&elgin,weekly news,metroland media group ltd.,0.0,ON,30369.0,metroland media group ltd.,"['st. thomas ,ON, Canada', 'elgin ,ON, Canada']","[(42.779022, -81.1929882), (42.7269522, -81.3660384)]",weekly news,,,,,1.0,st. thomas elgin,0.0,0.0,1,Southwold,2013.0,0.0,30369.0,0.0,30369.0,Thursday,perfect_match,473,364,0,1,0,1,0,0,0,0,0,0,0,"['Elgin', 'Elgin']",0,1,1,2314,3534024,35,ON,34,Elgin,24,Southwold,8.394347361417392,,3.770459441106359,10.550983387676984,6.089044875446846,1,0.8
29,,,,,,,,,2013-01-01,,,,,,,,St. Catharines Standard,,,[nan],,,0.0,,St. Catharines,Standard,postmedia network inc.,0.0,,0.0,,,,,,,,,1.0,,1.0,1.0,1,St. Catharines,2013.0,0.0,0.0,0.0,0.0,,right_only,6,6,0,0,0,0,1,1,0,0,0,0,1,['Niagara'],0,0,1,2277,3526053,35,ON,26,Niagara,53,St. Catharines,11.798961182923872,0.8329091229351039,3.7999735016195233,10.31264583248191,9.951849053414007,1,
2850,st. marys independent,,,,,6.0,176.0,5.0,2013-01-01,0.0,2016.0,Friday,,,,,st. marys independent,both,,[nan],,Friday,3300.0,T,st.%20marys,st. marys independent,st. marys independent,0.0,ON,3300.0,st. marys independent,"['st. marys ,ON, Canada']","[(43.2570855, -81.1408629)]",st. marys independent,,,,,0.0,st. marys,0.0,0.0,1,St. Marys,2013.0,0.0,3300.0,0.0,3300.0,Friday,right_only,469,361,0,1,0,1,1,1,0,0,1,0,1,['Perth'],0,0,0,2297,3531016,35,ON,31,Perth,16,St. Marys,8.890961212781146,2.322387720290225,3.8088822465086327,10.53966747745482,6.734591659972948,3,0.9550000000000001
2869,st. thomas elgin weekly news,30369.0,0.8,,,10.0,175.0,10.0,2013-01-01,2012.0,1.0,Thursday,30369.0,0.8,,,st. thomas elgin weekly news,both,,[nan],,Thursday,30369.0,T,st.%20thomas&elgin,weekly news,metroland media group ltd.,0.0,ON,30369.0,metroland media group ltd.,"['st. thomas ,ON, Canada', 'elgin ,ON, Canada']","[(42.779022, -81.1929882), (42.7269522, -81.3660384)]",weekly news,,,,,1.0,st. thomas elgin,0.0,0.0,1,St. Thomas,2013.0,0.0,30369.0,0.0,30369.0,Thursday,perfect_match,473,364,0,1,0,1,0,0,0,0,0,0,0,"['Elgin', 'Elgin']",0,1,1,2313,3534021,35,ON,34,Elgin,21,St. Thomas,10.569006565978599,1.2809338454620642,3.7612001156935624,10.386006290086584,8.080546965824498,1,0.8
2878,stirling central hastings news,,0.98,1160.0,1160.0,10.0,189.0,10,2014-01-01,2012.0,2.0,Thursday,,0.98,1160.0,1160.0,stirling central hastings news,both,,[nan],,Thursday,11155.0,T,stirling,central hastings news,metroland media group ltd.,0.0,ON,11155.0,metroland media group ltd.,"['stirling ,ON, Canada']","[(44.2962217, -77.5473774)]",,,,,,1.0,stirling,0.0,0.0,1,Stirling-Rawdon,2014.0,0.0,11155.0,0.0,11155.0,Thursday,perfect_match,474,365,0,1,0,1,0,0,0,0,0,0,0,['Hastings'],0,1,1,2191,3512020,35,ON,12,Hastings,20,Stirling-Rawdon,8.49351506406166,,3.7932394694381792,10.344448496329132,5.802118375377063,1,0.98
2911,stratford gazette,19549.0,1.53,335.0,1160.0,10.0,175.0,10.0,2013-01-01,2012.0,1.0,Thursday,19549.0,1.53,335.0,1160.0,stratford gazette,both,,[nan],,Friday,19584.0,T,stratford,stratford gazette,metroland media group ltd.,0.0,ON,19584.0,metroland media group ltd.,"['stratford ,ON, Canada']","[(43.3700899, -80.9818016)]",,,,,,1.0,stratford,0.0,0.0,1,Stratford,2013.0,0.0,19584.0,0.0,19584.0,Friday,right_imperfect_match,480,370,0,1,0,1,0,0,0,0,0,0,0,['Perth'],0,1,1,2295,3531011,35,ON,31,Perth,11,Stratford,10.35666287680037,1.0296194171811581,3.8022081394209395,10.473138533353255,8.462948176563842,2,1.53
3068,thorold niagara news,7276.0,0.53,88.0,206.0,9.0,160.0,3.0,2013-01-01,2012.0,1.0,Wednesday,7276.0,0.53,88.0,206.0,thorold niagara news,both,,[nan],,Wednesday,7274.0,T,thorold,thorold niagara news,sun media corporation,1.0,ON,7275.0,sun media corporation,"['thorold ,ON, Canada']","[(43.1249127, -79.2005935)]",thorold niagara news,,,,,1.0,thorold,0.0,0.0,1,Thorold,2013.0,0.0,7274.0,1.0,7275.0,Wednesday,perfect_match,511,396,1,1,1,1,0,0,0,0,0,0,0,['Niagara'],1,0,1,2274,3526037,35,ON,26,Niagara,37,Thorold,9.841718526138497,1.7749523509116738,3.730501128804756,10.338932086385478,7.76046702921342,1,0.53
646,collingwood connection,11500.0,2.16,335.0,1160.0,10.0,175.0,10.0,2013-01-01,2012.0,1.0,Thursday,11500.0,2.16,335.0,1160.0,collingwood wasaga the connection,both,,[nan],,Thursday,10819.0,T,collingwood&wasaga,the connection,metroland media group ltd.,0.0,ON,10819.0,metroland media group ltd.,"['collingwood ,ON, Canada', 'wasaga ,ON, Canada']","[(44.5027226, -80.2172379), (44.5224813, -80.0203156)]",,,,,,0.0,collingwood wasaga,0.0,0.0,1,Wasaga Beach,2013.0,0.0,10819.0,0.0,10819.0,Thursday,perfect_match,98,73,0,1,0,1,1,1,1,0,1,1,1,"['Simcoe', 'Simcoe']",0,1,1,2397,3543064,35,ON,43,Simcoe,64,Wasaga Beach,9.93672888631593,2.9391619220655967,3.9318256327243257,10.293703649881554,7.628517626575055,2,2.16
36,,,,,,,,,2013-01-01,,,,,,,,Welland Tribune,,,[nan],,,0.0,,Welland,Tribune,postmedia network inc.,0.0,,0.0,,,,,,,,,1.0,,1.0,1.0,1,Welland,2013.0,0.0,0.0,0.0,0.0,,right_only,7,7,0,0,0,0,1,1,0,0,0,0,1,['Niagara'],0,0,1,2273,3526032,35,ON,26,Niagara,32,Welland,10.86463692071851,1.4586150226995167,3.7999735016195233,10.304174597191192,8.550821372396221,2,
1556,,,,,,,,,2013-01-01,,,,,,,,london sarnia woodstock action l,,,[nan],,Wednesday,812.0,T,london&sarnia&woodstock,action l,altomedia inc.,1648.0,ON,2460.0,altomedia inc.,"['london ,ON, Canada', 'sarnia ,ON, Canada', 'woodstock ,ON, Canada']","[(42.9832406, -81.243372), (42.9746137, -82.4065585), (43.1301111, -80.7562977)]",,,,,,0.0,london sarnia woodstock,0.0,0.0,1,Woodstock,2013.0,0.0,812.0,1648.0,2460.0,Wednesday,right_only,249,185,1,1,1,1,1,1,0,0,0,0,1,"['Lambton', 'Middlesex', 'Oxford']",0,0,0,2307,3532042,35,ON,32,Oxford,42,Woodstock,10.618958688974192,2.2300144001592104,3.756538102587751,10.4889381576407,8.284251797621916,1,
